id,datetime,promise_source,status_source,promised_date_source,summary,collected_via
1,2026-09-04T19:06:51Z,https://www.intc.com/news-events/press-releases/detail/1521/intel-announces-next-us-site-with-landmark-investment-in,https://www.axios.com/local/columbus/2026/05/12/intel-ohio-stock-project-2026,https://www.cnbc.com/2025/02/28/intel-delays-ohio-plant-opening-to-2030-production-was-to-start-2026.html,"Intel announced its ~$20B (later $28B) 'Ohio One' semiconductor fab complex in New Albany/Licking County, OH in January 2022, with production originally slated for late 2025. Most recent status (Axios Columbus, May 2026): construction is underway with the 'go vertical' milestone reached, but first-fab production has slipped to ~2031.",prompt1
2,2026-09-04T19:07:35Z,https://www.corporate.ford.com/articles/electrification/blue-oval-city.html,https://tennesseelookout.com/2026/05/22/sk-on-tennessee-takes-control-of-battery-plant-in-stanton-as-joint-venture-with-ford-dissolves/,,"Ford and SK On announced the BlueOval City battery plant in Stanton, TN in September 2021 (part of an $11.4B multi-plant plan; the Tennessee site ~$5.6B, thousands of promised jobs). Most recent status (Tennessee Lookout, May 2026): the BlueOval SK joint venture was dissolved and SK On took full ownership of the Tennessee battery plant; construction is complete but the plant is not yet producing, with output now slated to begin around 2028.",prompt1
3,2026-09-04T19:08:29Z,https://ir.steeldynamics.com/steel-dynamics-announces-planned-new-flat-roll-steel-mill-site-selection/,https://ir.steeldynamics.com/steel-dynamics-reports-fourth-quarter-and-annual-2025-results/,https://www.prnewswire.com/news-releases/steel-dynamics-announces-planned-new-flat-roll-steel-mill-site-selection-300888920.html,"Steel Dynamics announced a ~$1.9B electric-arc-furnace flat-roll steel mill (3M-ton capacity, ~600 direct jobs) in Sinton, TX in July 2019. Most recent status (SDI Q4/full-year 2025 results): the Sinton Flat Roll Division is in full operation, running at high capacity rates (86%+ in Q1 2025) and contributing to record company steel shipments in 2025.",prompt1
4,2026-09-04T19:09:02Z,https://investor.lilly.com/news-releases/news-release-details/lilly-announces-1-billion-investment-new-manufacturing-facility,https://www.pharmaceutical-technology.com/projects/eli-lilly-parenteral-products-facility-concord/,,"Eli Lilly announced a $1B parenteral (injectable) products and devices manufacturing facility in Concord (Cabarrus County), NC in January 2022, with ~600 promised jobs. Most recent status: the site opened in mid-2024, began commercial production and shipped its first medicines by end of 2024, and as of 2026 is operational with total investment grown to ~$2B and employment exceeding 750.",prompt1
5,2026-09-04T19:09:31Z,https://georgia.org/press-releases/2023/qcells-more-double-production-georgia-create-2500-new-jobs,https://pv-magazine-usa.com/2026/06/09/qcells-begins-production-of-solar-cells-in-cartersville-georgia/,https://us.qcells.com/blog/qcells-begins-solar-cell-manufacturing-at-americas-first-and-only-vertically-integrated-solar-factory-in-cartersville-georgia/,"Qcells (Hanwha) announced a ~$2.5B vertically integrated solar manufacturing factory in Cartersville (Bartow County), GA in January 2023, part of a plan to create ~2,500 new jobs in northwest Georgia. Most recent status (pv magazine USA, June 2026): the Cartersville plant began solar cell production, with module assembly at full capacity and full ingot/wafer/cell production expected by Q3 2026.",prompt1
6,2026-09-04T19:51:08Z,https://pr.tsmc.com/english/news/2033,https://www.trendforce.com/news/2026/03/24/news-tsmc-reportedly-eyes-2h27-3nm-mass-production-at-arizona-fab-2-four-u-s-fabs-said-to-be-fully-booked/,,"TSMC announced in May 2020 its intention to build an advanced semiconductor fab in Phoenix, AZ (~$12B, 5nm, ~1,600 direct jobs, production targeted 2024). As of a March 2026 report, the first Arizona fab is in high-volume production (N4, since late 2024) and the second fab is targeting 3nm mass production as early as 2H 2027.",prompt1
7,2026-09-04T19:52:10Z,https://georgia.org/hyundai-motor-group-metaplant-america,https://www.automotivemanufacturingsolutions.com/smart-factory/hyundai-reshapes-vehicle-production-at-metaplant-america/2677700,,"Hyundai Motor Group announced its Metaplant America EV/hybrid assembly plant in Bryan County, GA on May 20, 2022 (~$5.54B, ~8,100 direct jobs, production targeted 2025). As of a June 2026 report the plant is operational, producing the Hyundai Ioniq 5, Ioniq 9 and Kia Sportage hybrid, ramping toward 500,000 units/year annual capacity.",prompt1
8,2026-09-04T19:52:55Z,https://www.opportunitylouisiana.gov/news/formosa-selects-st-james-parish-for-9-4-billion-louisiana-project,https://earthjustice.org/press/2026/groups-sue-over-formosa-plastics-permit-extensions,,"Formosa Petrochemical (Sunshine Project) was announced in 2018 for a ~$9.4B, 14-plant petrochemical/plastics complex in St. James Parish, LA (~1,200 direct jobs). As of a February 2026 report, the facility remains unbuilt: major construction has been on hold since November 2020 and the project is in ongoing permit litigation, not cancelled.",prompt1
9,2026-09-04T19:53:48Z,https://www.prnewswire.com/news-releases/building-for-the-future-chobani-invests-1-2-billion-in-upstate-new-york-to-build-third-us-dairy-processing-plant-302434586.html,https://www.foodprocessing.com/business-of-food-beverage/capital-spending/news/55397882/chobani-updates-construction-status-on-12-billion-rome-new-york-facility,,"Chobani announced on April 22, 2025 a $1.2B dairy processing plant at the Triangle Site in Rome (Oneida County), NY, promising 1,000+ direct jobs. As of an Aug 13, 2026 update the project is delayed: after an April 2025 groundbreaking, early site work is underway but Phase 1 production is now slated to begin between spring 2027 and summer 2028.",prompt1
10,2026-09-04T19:54:29Z,https://governor.ohio.gov/media/news-and-media/ohio-partners-with-anduril-to-rebuild-the-arsenal-for-essential-national-security-needs,https://breakingdefense.com/2026/03/as-fury-production-starts-anduril-pledging-a-different-production-approach-at-arsenal-1/,,"Anduril Industries announced its 'Arsenal-1' autonomous-weapons manufacturing facility in Pickaway County, OH (near Rickenbacker Airport) on Jan 16, 2025, committing ~$910M capital and ~4,000 direct jobs by 2035, with production targeted July 2026. As of a March 2026 report the plant has begun producing the Fury autonomous combat drone, ahead of the original timeline, with Roadrunner, Barracuda and a classified platform expected by end of 2026.",prompt1
11,2026-09-04T19:55:49Z,https://news.samsung.com/global/samsung-electronics-announces-new-advanced-semiconductor-fab-site-in-taylor-texas,https://www.trendforce.com/news/2026/03/03/news-delay-at-samsungs-taylor-reportedly-slips-mass-production-to-2027-raising-concerns-for-tesla/,https://gov.texas.gov/news/post/governor-abbott-announces-new-17-billion-samsung-manufacturing-facility-in-taylor,"Samsung Electronics announced a ~$17B advanced semiconductor fab in Taylor (Williamson County), TX in November 2021, promising 2,000+ direct jobs with an originally targeted second-half-2024 start. As of the most recent reporting (TrendForce, March 2026) the fab is in trial operations and full-scale mass production has slipped to early 2027.",prompt1
12,2026-09-04T19:56:25Z,https://www.kansascommerce.gov/2022/07/kansas-lands-4b-4000-job-panasonic-energy-electric-vehicle-battery-plant/,https://www.kctv5.com/2026/06/19/kansas-city-area-panasonic-plant-start-making-batteries-data-centers/,,"Panasonic Energy announced a ~$4B EV battery manufacturing plant in De Soto (Johnson County), KS in July 2022, promising up to 4,000 direct jobs on the former Sunflower Army Ammunition Plant site. As of the most recent reporting (KCTV5, June 2026) the plant is operational and producing EV battery cells, with additional lines and a planned data-center battery expansion underway.",prompt1
13,2026-09-04T19:57:02Z,https://governor.sc.gov/news/2023-03/scout-motors-selects-south-carolina-production-site-plans-create-4000-jobs,https://blog.scoutmotors.com/july-2026-scout-motors-production-center-update/,https://www.wltx.com/article/money/business/scout-motors-groundbreaking-richland-county/101-3ef5ffda-dab3-4e11-9fad-0e613c2e97da,"Scout Motors (backed by Volkswagen) announced a ~$2B electric truck and SUV assembly plant in Blythewood (Richland County), SC in March 2023, promising 4,000 direct jobs and an originally targeted 2026 start of production. As of the most recent update (Scout Motors, July 2026) the plant is still in construction and production-readiness, with customer production now expected in 2028.",prompt1
14,2026-09-04T19:57:52Z,https://investor.lilly.com/news-releases/news-release-details/lilly-plans-invest-21-billion-new-manufacturing-sites-indiana,https://www.wfyi.org/wfyi-news/2026-05-06/lilly-unveils-new-genetic-medicine-facility-in-lebanon-leap-district-and-4-5-billion-investment,,"Eli Lilly announced in May 2022 a ~$2.1B investment in new pharmaceutical manufacturing at the LEAP Innovation District in Lebanon (Boone County), IN (later expanded well beyond that) to make active ingredients and new therapeutic modalities. As of the most recent reporting (WFYI, May 6, 2026) its first facility, Lilly Lebanon Advanced Therapies, has opened and is producing medicines including Zepbound and Mounjaro, with further facilities under construction. (This is a distinct Indiana site, separate from Lilly's Concord, NC plant.)",prompt1
15,2026-09-04T19:58:49Z,https://www.wsaz.com/video/2022/01/13/nucor-announces-plans-build-mason-county-west-virginia/,https://www.steelmarketupdate.com/2026/04/28/nucor-west-virginia-mill-is-85-complete-commissioning-to-finish-in-2026/,https://www.energy.senate.gov/2023/10/manchin-celebrates-groundbreaking-of-nucor-steel-s-3-billion-mason-county-sheet-mill,"Nucor announced in January 2022 a greenfield sheet steel mill at Apple Grove in Mason County, WV (initially ~$2.7B, later ~$3.1B and up to ~$4B), promising roughly 800 full-time direct jobs and a 3-million-ton/year capacity. As of the most recent reporting (Steel Market Update, April 2026) the mill is about 85% complete with commissioning running through 2026 and commercial shipments expected to begin in early 2027. (Distinct from Steel Dynamics' Sinton, TX mill.)",prompt1
16,2026-09-04T20:00:05Z,https://investors.micron.com/news/press-release/2022/Micron-Announces-Historic-Investment-of-up-to-100-Billion-to-Build-Megafab-in-Central-New-York-10-04-2022/default.aspx,https://investors.micron.com/news/press-release/2026/Micron-Accelerates-U-S--Investments-Pours-First-Concrete-at-New-York-Fab/default.aspx,https://www.governor.ny.gov/news/promise-progress-governor-hochul-celebrates-groundbreaking-microns-semiconductor-manufacturing,"Micron announced on Oct 4, 2022 an investment of up to $100B (first phase ~$20B) to build a semiconductor memory (DRAM) megafab in Clay (Onondaga County), NY, promising ~9,000 direct Micron jobs. Most recent status (Micron press release, July 9, 2026): broke ground Jan 2026 and poured first concrete for the first of four fabs, reported to be running ahead of schedule.",prompt1
17,2026-09-04T20:00:45Z,https://www.gpb.org/news/2021/12/17/rivian-electric-vehicle-factory-drives-generational-5b-and-7500-jobs-east-georgia,https://www.ajc.com/business/2026/08/rivian-says-construction-progressing-well-at-5b-georgia-factory-site/,https://georgia.org/rivian,"Rivian announced in December 2021 a ~$5B electric-vehicle assembly plant in the Stanton Springs North site near Social Circle (Walton/Morgan counties), GA, promising ~7,500 direct jobs and production originally targeted for 2024. Most recent status (Atlanta Journal-Constitution, Aug 2026): after a 2024 pause, Rivian held a Sept 2025 groundbreaking, began vertical construction in May 2026 and reports construction 'progressing well,' with production now expected in late 2028.",prompt1
18,2026-09-04T20:01:36Z,https://www.commerce.nc.gov/news/press-releases/governor-cooper-announces-north-america%E2%80%99s-largest-end-end-biopharmaceutical,https://fujifilmbiotechnologies.fujifilm.com/about/news/opening-of-commercial-scale-cell-culture-manufacturing-site-in-north-carolina/,,"FUJIFILM Diosynth Biotechnologies announced in March 2021 a ~$2B large-scale cell-culture (biologics/monoclonal antibody) manufacturing facility in Holly Springs (Wake County), NC, promising ~725 direct jobs (later expanded, total site ~$3.2B). Most recent status (Fujifilm Biotechnologies grand-opening release, Sept 24, 2025): Phase 1 site opened commercially with 8 x 20,000L bioreactors and ~680+ employees, with drug-product/finished-goods lines coming online in early 2026.",prompt1
19,2026-09-04T20:02:51Z,https://global.honda/en/newsroom/news/2022/c221011aeng.html,https://lhbattery.com/l-h-battery-company-begins-mass-production-of-ess-battery-cells-in-fayette-county-ohio/,https://governor.ohio.gov/media/news-and-media/governor-dewine-announces-honda-to-invest-in-ohio-for-electric-vehicle-production-including-new-battery-plant-with-lg-energy-solution-10112022,"Honda and LG Energy Solution announced on Oct 11, 2022 a joint-venture lithium-ion EV battery cell plant (L-H Battery Company) in Fayette County near Jeffersonville, OH, committing $3.5B (overall ~$4.4B) and ~2,200 direct jobs, with mass production originally targeted for end of 2025. Most recent status (L-H Battery Company release, July 1, 2026): the completed facility began mass production, employing 1,000+ associates, and has shifted its initial output to energy-storage-system (ESS) cells (plus hybrid-vehicle cells) rather than the originally planned EV batteries.",prompt1
20,2026-09-04T20:03:37Z,https://www.cpchem.com/media-events/news/news-release/chevron-phillips-chemical-and-qatarenergy-construct-integrated,https://www.bicmagazine.com/departments/operations/cpchem-golden-triangle-polymers-facility-startup-phase/,https://www.goldentrianglepolymers.com/project-overview/,"Chevron Phillips Chemical and QatarEnergy announced on Nov 15, 2022 the ~$8.5B Golden Triangle Polymers integrated petrochemical facility (2.08M tpa ethane cracker plus two HDPE polyethylene units) in Orange (Orange County), TX, promising 500+ direct full-time jobs, with operations originally targeted for 2026. Most recent status (BIC Magazine, May 14, 2026): the plant is in its commissioning and startup phase, with full operation expected in 2027.",prompt1
21,2026-09-04T20:04:32Z,https://www.ti.com/about-ti/newsroom/news-releases/2022/2022-05-18-texas-instruments-breaks-ground-on-new-300-mm-semiconductor-wafer-fabrication-plants-in-sherman--texas.html,https://www.ti.com/about-ti/newsroom/news-releases/2025/texas-instruments-begins-production-at-its-newest-300mm-semiconductor-manufacturing-facility-in-sherman-texas.html,https://gov.texas.gov/news/post/governor-abbott-announces-texas-instruments-potential-30-billion-investment-in-sherman,"Texas Instruments announced (Nov 2021, groundbreaking May 2022) a semiconductor 300mm wafer fab campus in Sherman, TX of up to ~$30B and up to 3,000 direct jobs (four fabs SM1-SM4). Most recent status: first fab SM1 began production in December 2025, ramping to volume by customer demand.",prompt1
22,2026-09-04T20:05:35Z,https://investor.lilly.com/news-releases/news-release-details/lilly-announces-3-billion-expansion-its-recently-acquired,https://dailyreporter.com/2025/03/19/eli-lilly-expansion-pleasant-prairie-kenosha-county/,https://wedc.org/gov-evers-eli-lilly-and-company-celebrate-3-billion-expansion-of-manufacturing-facility-in-wisconsin/,"Eli Lilly announced on Dec 5, 2024 a ~$3B expansion of its recently acquired injectables (Mounjaro/Zepbound) pharmaceutical manufacturing facility in Pleasant Prairie, Kenosha County, WI, promising 750 direct jobs. Most recent facility-specific status: Pleasant Prairie granted final site-plan approval on March 17, 2025 with construction underway and the additions targeted for completion around March 2026 (freshest site-specific update found).",prompt1
23,2026-09-04T20:06:04Z,https://governor.nc.gov/news/press-releases/2021/12/06/governor-cooper-announces-toyota-will-build-companys-first-north-american-battery-plant-north,https://pressroom.toyota.com/toyota-charges-into-u-s-battery-manufacturing/,https://pressroom.toyota.com/toyota-selects-north-carolina-greensboro-randolph-site-for-new-u-s-automotive-battery-plant/,"Toyota announced on Dec 6, 2021 its first North American automotive battery plant (Toyota Battery Manufacturing North Carolina, TBMNC) at the Greensboro-Randolph Megasite in Liberty (Randolph County), NC, initially ~$1.29B and 1,750 direct jobs, later expanded to ~$13.9B and 5,100 jobs. Most recent status: Toyota announced the start of battery production at the plant on Nov 12, 2025 (batteries began shipping June 2025).",prompt1
24,2026-09-04T20:06:41Z,https://www.ualrpublicradio.org/local-regional-news/2022-01-11/u-s-steel-to-locate-3-billion-steel-mill-in-northeast-arkansas,https://www.ussteel.com/w/the-next-generation-of-american-steelmaking-is-big-and-well-underway,,"U.S. Steel announced on Jan 11, 2022 a ~$3B greenfield steel mill ('Big River 2' / BR2, 'Project Blueprint') at its Big River Steel Works in Osceola (Mississippi County), AR, promising ~900 direct jobs and ~3 million tons/yr of new capacity. Most recent status: a U.S. Steel update dated Dec 15, 2025 states BR2 is completed and operational, roughly doubling campus capacity to ~6 million tons/yr, with full ramp targeted into 2026.",prompt1
25,2026-09-04T20:07:10Z,https://governor.alabama.gov/newsroom/2022/11/governor-ivey-announces-first-solar-to-open-1-1-billion-alabama-facility-creating-over-700-clean-energy-manufacturing-jobs-in-lawrence-county/,https://www.businesswire.com/news/home/20240926270735/en/First-Solar-Inaugurates-$1.1-Billion-Alabama-Facility-Adds-3.5-GW-of-Vertically-Integrated-American-Solar-Manufacturing-Capacity,,"First Solar announced in November 2022 a ~$1.1B vertically integrated photovoltaic solar module manufacturing factory at the Mallard Fox West Industrial Complex in Lawrence County (Trinity), AL, promising 700+ direct jobs and 3.5 GW annual capacity. Most recent status: First Solar inaugurated the facility on Sept 26, 2024, bringing it into operation (freshest update found).",prompt1
26,2026-09-05T08:37:53Z,https://edpnc.com/news/june-2024-novo-nordisk-announcement/,https://www.pharmaceutical-technology.com/projects/novo-nordisk-aseptic-and-finished-product-manufacturing-facility-clayton-usa/,https://www.novonordisk.com/news-and-media/news-and-ir-materials/news-details.html?id=168528,"Novo Nordisk announced on June 24, 2024 a ~$4.1B second fill/finish (aseptic + finished product) pharmaceutical manufacturing facility on its Clayton campus in Johnston County, NC, adding 1.4M sq ft and 1,000 direct jobs. Most recent status (trade project profile, 2025): early clearing/foundational work underway, with completion staged 2027-2029 and opening targeted ~2029.",prompt1
27,2026-09-05T08:38:37Z,https://www.iedc.in.gov/events/news/details/2024/04/03/gov.-holcomb-announces-generational-multi-billion-dollar-investment-to-make-indiana-leader-in-semiconductor-packaging,https://www.purdue.edu/newsroom/2026/Q3/sk-hynix-breaks-ground-on-4-billion-advanced-packaging-production-facility-in-purdue-research-park/,https://news.skhynix.com/sk-hynix-signs-investment-agreement-of-advanced-chip-packaging-with-indiana/,"SK hynix announced on April 3, 2024 an ~$3.87B advanced chip-packaging fabrication and R&D facility (first U.S. HBM packaging base) at Purdue Research Park in West Lafayette, IN, with ~1,000 direct jobs. Most recent status (Purdue newsroom, Aug 27, 2026): ceremonial groundbreaking held, construction begun; investment now cited as >$4B, cleanroom/mass production targeted 2028-2029.",prompt1
28,2026-09-05T08:39:33Z,https://corporate.exxonmobil.com/news/news-releases/2017/0419_exxonmobil-and-sabic-select-san-patricio-county-proposed-petrochemical-project-us-gulf-coast,https://www.sabic.com/en/news/31632-exxonmobil-sabic-start-operations-at-gulf-coast-manufacturing-facility,,"ExxonMobil and SABIC announced on April 19, 2017 the selection of San Patricio County (Gregory), TX for the Gulf Coast Growth Ventures petrochemical complex — a world-scale ethane steam cracker feeding two polyethylene units and a monoethylene glycol unit, a multi-billion-dollar (~$10B) investment with ~600 direct jobs. Most recent status (SABIC release, Jan 20, 2022): plant started up ahead of schedule in late 2021, in full operation and directly employing 600+; it has run at volume since (a TCEQ 2024 annual operational report is on file).",prompt1
29,2026-09-05T08:40:16Z,https://www.constructiondive.com/news/foxconn-selects-wi-site-for-10b-display-panel-factory/506562/,https://dailyreporter.com/2025/11/26/foxconn-569m-wisconsin-expansion-mount-pleasant-jobs/,,"Foxconn announced in 2017 (Wisconsin site confirmed Oct 5, 2017) a ~$10B, 20-million-sq-ft flat-panel LCD display factory in Mount Pleasant, Racine County, WI, promising up to 13,000 jobs. Most recent status (The Daily Reporter, Nov 26, 2025): the campus is a far smaller operational plant now making data/AI servers, with ~$717M actually invested and 1,242 jobs as of 2024; Foxconn announced an additional $569M expansion and 1,374 more jobs (total ~$1.2B/2,616 jobs through 2029).",prompt1
30,2026-09-05T08:41:36Z,https://newsroom.mazda.com/en/publicity/release/2018/201801/180111a.html,https://businessalabama.com/mazda-toyota-reaches-4000-employee-goal-adds-production/,https://governor.alabama.gov/newsroom/2018/01/toyota-mazda-selects-alabama-for-1-6-billion-auto-plant-with-4000-jobs/,"Mazda and Toyota announced on Jan 10, 2018 a joint-venture auto assembly plant (Mazda Toyota Manufacturing) in Huntsville, AL — an initial ~$1.6B investment, up to 4,000 direct jobs, and 300,000 vehicles/year capacity (Toyota Corolla Cross + Mazda CX-50). Most recent status I could directly confirm (Business Alabama, Mar 29, 2024): plant fully operational since 2021, reached its 4,000-employee commitment in 2023, investment raised to ~$2.3B, both models in production at up to 300k/yr capacity.",prompt1
31,2026-09-05T08:43:41Z,https://www.opportunitylouisiana.gov/news/china-based-wanhua-chemical-group-selects-louisiana-for-major-chemical-manufacturing-complex,https://www.desmog.com/2019/09/06/chinese-wanhua-chemical-plastics-louisiana-cancer-alley/,,"Wanhua Chemical announced on April 10, 2017 a ~$1.12B MDI/isocyanates chemical manufacturing complex in Louisiana (later sited at Convent, St. James Parish, LA), with 170 direct jobs promised. Most recent available status: the company withdrew its St. James land-use permit application on Sep 4, 2019 and the complex was not built at that site.",prompt1
32,2026-09-05T08:45:01Z,https://www.wolfspeed.com/company/news-events/news/wolfspeed-selects-north-carolina-for-worlds-largest-silicon-carbide-materials-facility/,https://constructionreviewonline.com/news/wolfspeeds-5b-silicon-carbide-factory-in-chatham-county-nears-completion/,,"Wolfspeed announced on Sep 9, 2022 the John Palmour Manufacturing Center (the JP), a ~$5B, ~1,800-job silicon carbide materials facility producing 200mm SiC wafers in Siler City, Chatham County, NC. Most recent status (article updated Feb 16, 2026): facility reached production readiness in late 2025 and is growing its first 200mm SiC crystals and delivering preliminary wafers, after a delayed June 2025 start; Wolfspeed emerged from Chapter 11 restructuring in late 2025 and is ramping slowly.",prompt1
33,2026-09-05T08:46:50Z,https://www.kikkoman.com/en/news/2024/20240613_561.html,https://www.dailyunion.com/news/local/your-warm-welcome-matters-to-us-as-it-looks-to-2026-plant-opening-kikkoman-community/article_121264b7-aa00-44fd-bce7-a702b7a32823.html,,"Kikkoman Foods announced on April 23, 2024 (groundbreaking June 12, 2024) a ~$560M, 240,000-sq-ft greenfield soy sauce and seasonings production plant in Jefferson, Jefferson County, WI, with ~80+ new direct jobs and first soy sauce shipments targeted for fall 2026. Most recent status found (local press, July 20, 2025): plant still under construction, opening targeted for fall 2026.",prompt1
34,2026-09-05T08:48:27Z,https://www.okcommerce.gov/oklahoma-selected-for-4-billion-investment-from-emirates-global-aluminium/,https://www.manufacturingdive.com/news/oklahoma-ag-files-to-halt-inola-smelter-project-ega-century-aluminum/822134/,,"Emirates Global Aluminium announced on May 16, 2025 a ~$4B primary aluminum smelter (later a 60/40 JV with Century Aluminum, ~750,000 tonnes/yr) at the Tulsa Port of Inola, Rogers County, OK, promising ~1,000 direct jobs — the first new U.S. primary aluminum smelter since 1980 (sector: other). Most recent status (Manufacturing Dive, June 5, 2026): still in initial development phase, no construction started, undergoing state environmental review; Oklahoma AG filed a June 2, 2026 suit to block it (remanded to state court on Sep 3, 2026).",prompt1
35,2026-09-05T08:50:09Z,https://www.areadevelopment.com/newsItems/3-29-2019/nucor-manufacturing-meade-county-kentucky.shtml,https://www.steelmarketupdate.com/2025/10/28/nucor-navigates-mixed-flat-rolled-markets-with-strategic-muscle/,,"Nucor announced on March 29, 2019 a steel plate mill (initially ~$1.35B, later ~$1.7B) with 400+ direct jobs and 1.2M tons/yr capacity at Buttermilk Falls Industrial Park in Brandenburg, Meade County, KY. Most recent status (Steel Market Update, Oct 28, 2025): the mill rolled first plate in Dec 2022 and has been operating since, ramping faster than anticipated and EBITDA-positive for a second consecutive quarter.",prompt1
36,2026-09-05T08:51:56Z,https://www.jnj.com/media-center/press-releases/johnson-johnson-to-invest-more-than-2-billion-in-new-advanced-technology-manufacturing-facility-in-north-carolina-to-support-robust-portfolio-growth,https://www.reflector.com/news/local/johnson-johnson-building-second-facility-in-wilson-county/article_b0bb0a28-1de0-4f78-b36f-435b559b00d0.html,,"Johnson & Johnson announced on Oct 1, 2024 a >$2B advanced-technology biologics pharmaceutical manufacturing facility (~420 direct jobs) in Wilson, Wilson County, NC. Most recent status (local press, Jan 9, 2026): construction underway and hiring of advanced-manufacturing staff ramping up; targeted operational ~2028.",prompt1
37,2026-09-05T08:54:24Z,https://www.opportunitylouisiana.gov/news/gov-edwards-and-shintech-announce-1-49-billion-expansion-in-louisiana,https://www.plasticsnews.com/news/shintech-expands-pvc-production-900-million-pounds-louisiana-meet-rising-demand/,,"Shintech (Shin-Etsu subsidiary) announced on July 24, 2018 a ~$1.49B expansion at its Plaquemine, Iberville Parish, LA complex, building new chlor-alkali, vinyl chloride monomer and PVC production units (120 new direct jobs). Most recent status (trade press, late 2024): the new 380,000 t/yr PVC plant came online in Oct 2024 and Shintech added over 900 million lb/yr of PVC capacity by Dec 2024, after delays from the original early-2021 target.",prompt1
38,2026-09-05T08:56:01Z,https://www.detroitnews.com/story/business/autos/ford/2023/02/13/ford-details-3-5-billion-ev-battery-plant-to-be-built-in-marshall/69898581007/,https://wwmt.com/news/local/ford-battery-production-energy-storage-system-marshall-blueoval-site-open-2026-expand-michigan-wwmt,,"Ford announced on Feb 13, 2023 a ~$3.5B lithium-iron-phosphate (LFP) battery cell plant, BlueOval Battery Park Michigan, on the Marshall Megasite in Calhoun County, MI, initially ~2,500 jobs (a distinct site from Ford's BlueOval City in Stanton, TN). Most recent status (local press, 2025-2026): after a 2023 pause and downsizing to ~$3B/~1,700 jobs, construction reached the final-steel-beam milestone and the plant is on track to begin LFP production by summer 2026, with output shifted toward energy-storage cells plus a midsize EV truck.",prompt1
39,2026-09-05T08:57:08Z,https://www.globenewswire.com/news-release/2022/09/01/2508617/0/en/Micron-to-Invest-15-Billion-in-New-Idaho-Fab-Bringing-Leading-Edge-Memory-Manufacturing-to-the-US.html,https://www.kivitv.com/southeast-boise/everything-you-need-to-know-about-microns-massive-boise-manufacturing-expansion,,"Micron announced on Sep 1, 2022 a ~$15B leading-edge DRAM memory fab (its 'ID2' fab, ~2,000 direct jobs) in Boise, Ada County, Idaho — a distinct site from Micron's Clay/Onondaga County, NY megafab. Most recent status (local press, spring 2026): the fab reached the cleanroom 'blowdown' milestone, first-fab construction is expected to complete in 2026, and first chips are expected to roll out in 2027.",prompt1
40,2026-09-05T08:58:32Z,https://www.tn.gov/ecd/news/2017/11/20/governor-haslam--commissioner-rolfe-announce-tyson-foods--inc--to-create-1-500-new-jobs-in-humboldt.html,https://www.fooddive.com/news/tyson-opens-first-new-poultry-plant-in-25-years/598195/,,"Tyson Foods announced on Nov 20, 2017 a new poultry processing complex (processing plant, hatchery and feed mill), initially ~$300M and more than 1,500 direct jobs, in Humboldt, Gibson County, TN, with operations promised for late 2019. Most recent facility-specific status found (trade press, April 2021): the complex — investment grown to ~$425M — opened in April 2021 after delay from the original late-2019 target; no site-specific update newer than 2021 was found (Tyson's 2025-2026 layoffs and closures named other plants, not Humboldt).",prompt1
41,2026-09-05T09:01:33Z,https://www.sccommerce.com/news/samsung-open-380-million-manufacturing-plant-newberry-county,https://www.foxbusiness.com/economy/samsung-weighs-relocating-dryer-production-us-response-trump-tariffs,,"Samsung announced on June 28, 2017 a $380M home appliance (washing machine) manufacturing plant with 950+ direct jobs in Newberry County, SC (former Caterpillar site). Most recent status (Fox Business, Jan 21, 2025): plant operating with ~$500M invested and 1,500+ jobs, and Samsung was weighing shifting dryer production there from Mexico in response to tariffs. Sector: other (home appliances).",prompt1
42,2026-09-05T09:04:16Z,https://governor.alabama.gov/newsroom/2025/02/governor-ivey-announces-that-arcelormittal-plans-1-2-billion-alabama-mill-to-produce-electrical-steel/,https://corporate.arcelormittal.com/media/news-articles/arcelormittal-to-move-forward-with-construction-of-a-new-world-class-electrical-steel-manufacturing-facility,https://automotive.arcelormittal.com/news_and_stories/news/2025ESCalvert,"ArcelorMittal announced on Feb 6, 2025 a $1.2B wholly-owned non-grain-oriented electrical steel (NOES) manufacturing facility (up to 150,000 t/yr) with 200+ permanent direct jobs at Calvert (Mobile County), AL. Most recent status: facility under construction (long-lead equipment ordered, permits received, earthwork/piling underway), on track to begin production in the first half of 2027. Sector: steel.",prompt1
43,2026-09-05T09:05:13Z,https://www.rtx.com/en/prattwhitney/newsroom/news/2020/10/22/pw-announces-plans-for-at-least-650m-investment-through-2027-in-turbine-airfoil-production-facility,https://www.flightglobal.com/prattwhitney/2025/05/pratt-whitney-at-100-manufacturing-advancing-in-asheville/,,"Pratt & Whitney (RTX) announced on Oct 22, 2020 a >$650M, ~1,000,000-sq-ft turbine airfoil production facility (advanced casting foundry) with ~800 new direct jobs in Asheville (Buncombe County), NC. Most recent status (FlightGlobal, May 2025): plant opened in 2022 and is ramping, with output set to double in 2025 and a Jan 2025 $285M foundry expansion (+325 jobs) bringing total commitment to nearly $1B. Sector: aerospace and defense.",prompt1
44,2026-09-05T09:06:20Z,https://governor.sc.gov/news/2026-04/ferrara-candy-company-selects-orangeburg-county-first-south-carolina-operation,https://www.wrdw.com/2026/05/20/ferrara-candy-company-breaks-ground-orangeburg/,https://www.ferrara.com/us/en/ferrara-candy-company-selects-orangeburg-county-new-manufacturing-site,"Ferrara Candy Company announced on April 22, 2026 a $675M, 750,000-sq-ft greenfield candy (NERDS/SweeTARTS/Jelly Belly) manufacturing site in Orangeburg County, SC — its first SC operation — projected to create ~1,000 jobs over 10 years, with first production lines expected in early 2029. Most recent status: Ferrara broke ground in Orangeburg in May 2026. Sector: food and beverage.",prompt1
45,2026-09-05T09:09:12Z,https://www.businesswire.com/news/home/20231130568669/en/Amkor-Announces-US-Advanced-Packaging-and-Test-Facility,https://www.azcommerce.com/news-events/news/2025/10/amkor-technology-breaks-ground-on-new-semiconductor-advanced-packaging-and-test-campus-in-peoria-expands-investment-to-7-billion/,https://www.azcommerce.com/news-events/news/2023/11/amkor-announces-us-advanced-packaging-and-test-facility-in-peoria/,"Amkor Technology announced on Nov 30, 2023 an outsourced semiconductor advanced packaging and test facility in Peoria, AZ, originally ~$2B with ~2,000 direct jobs. Most recent status: Amkor broke ground in Oct 2025 and expanded the planned campus investment to ~$7B / as many as 3,000 jobs across two phases, with first facility completion expected mid-2027 and production beginning early 2028. Sector: semiconductors.",prompt1
46,2026-09-05T09:11:51Z,https://www.commerce.nc.gov/news/press-releases/2024/08/15/governor-cooper-announces-1000-new-jobs-edgecombe-county-natron-energy-selects-kingsboro-megasite,https://www.constructiondive.com/news/sodium-ion-battery-natron-energy-shutters-halts-NC-factory-plans/759603/,https://www.businesswire.com/news/home/20240815622233/en/Natron-Energy-Announces-Plans-for-$1.4-Billion-Giga-Scale-Sodium-Ion-Battery-Manufacturing-Facility-in-North-Carolina,"Natron Energy announced on Aug 15, 2024 a ~$1.4B giga-scale sodium-ion battery manufacturing facility (~1,000 direct jobs, 1.2M sq ft) at the Kingsboro Megasite in Edgecombe County (Rocky Mount), North Carolina. Most recent status: Natron ceased all operations on Sep 3, 2025 amid funding shortfalls; the North Carolina factory was never constructed and is cancelled (per Construction Dive, Sep 2025).",prompt1
47,2026-09-05T09:12:28Z,https://www.madeinalabama.com/2017/09/mercedes-to-launch-electric-vehicle-production-in-1b-alabama-project/,https://businessalabama.com/mercedes-benz-today-officially-opened-a-new-battery-plant-in-bibb-county-a-first-of-its-kind-facility-in-the-state-that-will-provide-batteries-for-electric-vehicles/,,"Mercedes-Benz announced in September 2017 a ~$1B Alabama expansion to launch EV production, anchored by a new ~1M-sq-ft battery plant (up to ~600 direct jobs) at the Scott Davis Industrial Park in Bibb County (near Woodstock), Alabama. Most recent credible status found: the battery plant officially opened and began producing EV batteries for the EQS/EQE SUVs in March/April 2022 (per Business Alabama); no fresher status located.",prompt1
48,2026-09-05T09:13:28Z,https://www.ucb.com/newsroom/press-releases/article/ucb-selects-georgia-for-new-us-biologics-manufacturing-facility-5b-economic-impact-and-330-permanent-jobs,https://www.pharmaceutical-technology.com/projects/ucb-biologics-manufacturing-facility-georgia-us/,,"UCB announced on March 24, 2026 a ~$2B U.S. biologics (biopharmaceutical) manufacturing campus (~330 permanent direct jobs, ~460,000 sq ft on 79 acres) at the Rowen development in Gwinnett County, Georgia. Most recent status: early/planning phase as of mid-2026, with design and construction expected to span roughly six to seven years (per pharmaceutical-technology.com); no production yet.",prompt1
49,2026-09-05T09:14:24Z,https://media.stellantisnorthamerica.com/newsrelease.do?id=20661,https://www.cbtnews.com/stellantis-pauses-detroit-production-to-transition-to-2026-jeep-grand-cherokee-amid-sales-decline/,https://www.michigan.gov/whitmer/news/press-releases/2019/02/26/whitmer-applauds-fca-for-transformative-investment-of-4-5-billion-bringing-6500-new-jobs-to-michigan,"Fiat Chrysler (FCA, now Stellantis) announced on Feb 26, 2019 a ~$1.6B conversion of its Mack Avenue Engine Complex into a new Jeep assembly plant (Detroit Assembly Complex - Mack) with ~3,850 new direct jobs in Detroit, Michigan — the first new auto assembly plant built in Detroit in ~30 years, to build the Jeep Grand Cherokee and a three-row SUV. Most recent status (per CBT News, Apr 22, 2025): the plant is operating and building the Jeep Grand Cherokee, with temporary production pauses to transition to the refreshed 2026 model year.",prompt1
50,2026-09-05T09:16:06Z,https://techcrunch.com/2023/04/26/bosch-to-acquire-tsi-semiconductors-for-1-5b-to-boost-us-chip-production,https://www.semiconductor-today.com/news_items/2026/jul/bosch-160726.shtml,https://www.nist.gov/news-events/news/2026/07/department-commerce-announces-direct-funding-agreement-bosch-225-million,"Bosch announced on April 26, 2023 plans to acquire TSI Semiconductors' Roseville, California site and invest ~$1.5B (later raised to ~$2B) to convert it into a silicon carbide (SiC) semiconductor production facility, creating ~700 manufacturing/engineering/R&D direct jobs. Most recent status (per Semiconductor Today, July 2026): sample chip production has begun, the $225M CHIPS Act direct funding agreement was finalized in July 2026, and first commercial 200mm SiC chips are expected later in 2026.",prompt1
51,2026-09-05T09:17:44Z,https://www.prnewswire.com/news-releases/hyundai-steel-announces-5-8-billion-electric-arc-furnace-based-integrated-steel-mill-in-the-us-driving-sustainable-us-steel-production-and-creating-over-1-300-jobs-302409854.html,https://louisianaradionetwork.com/2026/09/04/48069/,https://www.opportunitylouisiana.gov/hyundai-steel,"Hyundai Steel announced on March 24, 2025 a $5.8B electric arc furnace (EAF)-based integrated steel mill (~1,300 direct jobs, 2.7M metric tons/yr) in Ascension Parish (RiverPlex MegaPark, near Donaldsonville), Louisiana. Most recent status: construction officially broke ground on Sept 4, 2026; commercial production targeted for 2029.",prompt1
52,2026-09-05T09:19:11Z,https://news.abbvie.com/2026-04-22-AbbVie-Selects-North-Carolina-for-New-1-4-Billion-Manufacturing-Campus,https://www.manufacturingdive.com/news/drugmaker-abbvie-durham-north-carolina-manufacturing-campus/818303/,https://www.commerce.nc.gov/news/press-releases/2026/04/22/governor-stein-announces-abbvie-build-new-14-billion-manufacturing-campus-durham,"AbbVie announced on April 22, 2026 a $1.4B, 185-acre pharmaceutical manufacturing campus (small-volume parenteral drug product) in Durham, NC (near Research Triangle Park), planning to hire ~734 direct workers. Most recent status (as of the April 2026 announcement, the freshest reporting available): construction to begin in 2026 with completion targeted by end of 2028; not yet broken ground.",prompt1
53,2026-09-05T09:21:29Z,https://ced.ky.gov/Newsroom/NewsPage/04262017_Braidy_Industries,https://www.wdrb.com/in-depth/kentucky-recoups-15-million-investment-in-failed-braidy-industries-aluminum-mill/article_9a7bf9a6-4029-11ed-853f-4bdd3d23ffd4.html,https://www.lanereport.com/76442/2017/04/braidy-industries-to-create-550-jobs-with-1-3b-aluminum-rolling-mill-in-eastern-kentucky/,"Braidy Industries announced on April 26, 2017 a $1.3B aluminum rolling mill (sheet/plate for auto and aerospace, ~550 direct jobs) in Greenup County (near South Shore/Ashland), Kentucky. Most recent status (freshest reporting available is 2022-2023, as the project is defunct): the mill was never built; the company (renamed Unity Aluminum) abandoned the KY site as too small, the ~205-acre property was returned to the Northeast Kentucky Regional Industrial Authority, and Kentucky recouped its $15M investment.",prompt1
54,2026-09-05T09:23:06Z,https://www.governor.state.nm.us/2024/08/07/ebon-solar-picks-new-mexico-for-major-solar-factory-company-to-invest-a-projected-942-million-create-over-900-jobs/,https://www.abqjournal.com/business/ebon-solar-appears-to-abandon-plans-for-942m-albuquerque-facility/3034250,https://www.manufacturingdive.com/news/ebon-solar-942-milion-plant-albuquerque-new-mexico-mesa-del-sol/723883/,"Ebon Solar announced on Aug 7, 2024 a projected $942M, 834,000-sq-ft solar cell manufacturing factory (~911 direct jobs) at Mesa del Sol in Albuquerque, New Mexico. Most recent status (Albuquerque Journal, early May 2026): the project was abandoned and never entered construction, with New Mexico and city officials confirming it will not move forward amid CFIUS-related concerns.",prompt1
55,2026-09-05T09:24:12Z,https://investor.gm.com/news-releases/news-release-details/general-motors-and-lg-chem-team-advance-toward-all-electric/,https://gmauthority.com/blog/2026/05/ultium-cells-ohio-plant-worker-return-delayed/,https://www.cnbc.com/2019/12/05/gm-lg-to-form-2point3-billion-joint-venture-for-battery-cell-production.html,"GM and LG Chem announced on Dec 5, 2019 a 50/50 joint venture (Ultium Cells LLC) to build a ~$2.3B lithium-ion EV battery cell plant (~1,100 direct jobs, 2.8M sq ft) in Lordstown, Ohio. Most recent status (mid-2026): the plant began production in 2022 (100M cells by Dec 2024) but paused cell production in January 2026 with a mass layoff of ~1,334 hourly workers; a phased return of laid-off workers was underway (July/Aug 2026) as GM/LG adjust to slower-than-expected EV demand.",prompt1
