id,datetime,source_collected_id,project,sector,state,announced,promised_capital_usd,promised_jobs,promised_first_output,actual_first_output,current_status,lag_years,slip_years,verification_tier,notes,promise_source,status_source,flag,promised_date_source,announced_dt,promised_first_output_dt,actual_first_output_dt,announced_raw,promised_first_output_raw,actual_first_output_raw
1,2026-08-30T14:49:37Z,1,ArcelorMittal NOES Facility,Steel,AL,2025-02,1200000000,200,2027,pending,Active — Apr 2026 Update: Construction planned. Will produce non-oriented electrical steel (NOES) critical for EV motors and transformers. Supports domestic EV supply chain.,-1.0,-1.0,P,"Advanced manufacturing facility in Mobile County AL producing non-oriented electrical steel for EV motors Operator: ArcelorMittal. Site region (per source): Southeast. Site industry slug: 'metals'. Retrieved from the Engineered-Vision Manufacturing Megaprojects Tracker (https://map.engineered-vision.com/), vintage Apr 2026 Update.",https://www.madeinalabama.com/2025/02/arcelormittal-plans-1-2-billion-alabama-mill-to-produce-electrical-steel/,https://corporate.arcelormittal.com/media/news-articles/arcelormittal-to-move-forward-with-construction-of-a-new-world-class-electrical-steel-manufacturing-facility,"RESOLVED — announced resolved agentically (web search -> primary announcement source, confidence high); promised_date_source resolved agentically (the announcement source that establishes `announced`, confidence high); status_source resolved agentically (dated, independent article on the project's current state (replaces the aggregator fallback), confidence high)",https://governor.alabama.gov/newsroom/2025/02/governor-ivey-announces-that-arcelormittal-plans-1-2-billion-alabama-mill-to-produce-electrical-steel/,2025-02-15,2027-07-01,,"Governor Ivey announced ArcelorMittal's $1.2B Alabama electrical-steel mill, February 6, 2025",2027,Active
2,2026-08-30T14:49:37Z,2,Chobani Dairy Processing Plant,Food and Beverage,NY,2025-04,1200000000,1000,pending,pending,Active — Apr 2026 Update: Site selection and permitting ongoing. Will expand Chobani's Greek yogurt and dairy production capacity.,-1.0,-1.0,P,"Third U.S. dairy processing plant in upstate New York Operator: Chobani. Site region (per source): Northeast. Site industry slug: 'food and beverage'. Retrieved from the Engineered-Vision Manufacturing Megaprojects Tracker (https://map.engineered-vision.com/), vintage Apr 2026 Update.",https://www.prnewswire.com/news-releases/building-for-the-future-chobani-invests-1-2-billion-in-upstate-new-york-to-build-third-us-dairy-processing-plant-302434586.html,https://constructionreviewonline.com/chobani-announces-us1-2-billion-yogurt-plant-in-rome-new-york/,"RESOLVED — announced resolved agentically (web search -> primary announcement source, confidence medium); promised_date_source resolved agentically (the announcement source that establishes `announced`, confidence medium); status_source resolved agentically (dated, independent article on the project's current state (replaces the aggregator fallback), confidence high)",https://www.governor.ny.gov/news/governor-hochul-announces-chobani-make-nations-largest-investment-ever-natural-food-production,2025-04-15,,,"Governor Hochul announced Chobani's $1.2B Rome NY facility, April 22, 2025",TBD,Active
3,2026-08-30T14:49:37Z,3,Eli Lilly Houston API Plant,Pharmaceuticals,TX,2025-09,6500000000,4615,2030,pending,Active – New addition — Apr 2026 Update: Part of Lilly's $27B total U.S. investment plan. Houston facility to produce APIs for Lilly's blockbuster drugs. Operational within ~5 years of construction start.,-1.0,-1.0,P,"$6.5B active pharmaceutical ingredient manufacturing facility in Houston TX Operator: Eli Lilly and Company. Site region (per source): South. Site industry slug: 'pharmaceutical'. Retrieved from the Engineered-Vision Manufacturing Megaprojects Tracker (https://map.engineered-vision.com/), vintage Apr 2026 Update.",https://investor.lilly.com/news-releases/news-release-details/lilly-build-6-billion-facility-manufacture-active-pharmaceutical,https://communityimpact.com/lake-houston-humble-kingwood/development/construction-begins-on-eli-lillys-65b-manufacturing-campus-in-generation-park/,"RESOLVED — actual_first_output resolved agentically (web search -> primary announcement source, confidence high); announced resolved agentically (web search -> primary announcement source, confidence high); promised_date_source resolved agentically (the announcement source that establishes `announced`, confidence high); status_source resolved agentically (dated, independent article on the project's current state (replaces the aggregator fallback), confidence high)",https://investor.lilly.com/news-releases/news-release-details/lilly-plans-build-new-65-billion-facility-manufacture-active,2025-09-15,2030-07-01,,"Lilly announced the $6.5B Houston API facility, September 23, 2025",2030,the site's phrase is 'Operational within ~5 years of construction start' -- a FUTURE date; the deterministic 'operational' keyword match was a false positive
4,2026-08-30T14:49:37Z,4,Eli Lilly Huntsville API Plant,Pharmaceuticals,AL,2025-12,6000000000,450,2026,pending,Active – New addition; breaking ground 2026 — Apr 2026 Update: Breaking ground 2026. Part of Lilly's $27B total U.S. investment. One of the largest pharmaceutical manufacturing investments in Alabama history.,-1.0,-1.0,P,"$6B active pharmaceutical ingredient manufacturing facility in Huntsville AL Operator: Eli Lilly and Company. Site region (per source): Southeast. Site industry slug: 'pharmaceutical'. Retrieved from the Engineered-Vision Manufacturing Megaprojects Tracker (https://map.engineered-vision.com/), vintage Apr 2026 Update.",https://investor.lilly.com/news-releases/news-release-details/lilly-build-6-billion-facility-manufacture-active-pharmaceutical,https://governor.alabama.gov/newsroom/2025/12/governor-ivey-announces-pharmaceutical-giant-lilly-plans-6-billion-advanced-manufacturing-plant-in-huntsville/,"RESOLVED — announced resolved agentically (web search -> primary announcement source, confidence high); promised_date_source resolved agentically (the announcement source that establishes `announced`, confidence high); status_source resolved agentically (dated, independent article on the project's current state (replaces the aggregator fallback), confidence high)",https://investor.lilly.com/news-releases/news-release-details/lilly-build-6-billion-facility-manufacture-active-pharmaceutical,2025-12-15,2026-07-01,,"Lilly announced the $6B Huntsville AL API facility, December 9, 2025",2026-2032,Active – New addition; breaking ground 2026
5,2026-08-30T14:49:37Z,5,Eli Lilly Lehigh County API Plant,Pharmaceuticals,PA,2026-01,3500000000,850,2031,pending,Active – New addition; announced Jan 2026 — Apr 2026 Update: Announced January 2026. Part of Lilly's $27B total U.S. investment plan — the largest pharmaceutical manufacturing investment in U.S. history.,-1.0,-1.0,P,"$3.5B active pharmaceutical ingredient manufacturing facility in Lehigh County PA Operator: Eli Lilly and Company. Site region (per source): Northeast. Site industry slug: 'pharmaceutical'. Retrieved from the Engineered-Vision Manufacturing Megaprojects Tracker (https://map.engineered-vision.com/), vintage Apr 2026 Update.",https://www.reuters.com/business/healthcare-pharmaceuticals/eli-lilly-build-35-billion-pennsylvania-plant-us-manufacturing-push-2026-01-30/,https://www.fiercepharma.com/pharma/lilly-rounds-out-quartet-new-us-plants-35b-injectables-and-device-facility-pa,"RESOLVED — promised_date_source resolved agentically (web search -> primary announcement source; Lilly selected Lehigh County PA on January 30, 2026, confidence high); status_source resolved agentically (dated, independent article on the project's current state (replaces the aggregator fallback), confidence high)",https://investor.lilly.com/news-releases/news-release-details/lilly-selects-pennsylvania-home-its-newest-injectable-medicine,2026-01-15,2031-07-01,,announced Jan 2026,2031,Active – New addition; announced Jan 2026
6,2026-08-30T14:49:37Z,6,Eli Lilly Richmond API Plant,Pharmaceuticals,VA,2025-09,5000000000,650,2030,pending,Active – New addition — Apr 2026 Update: Part of Lilly's $27B total U.S. investment. Richmond facility to manufacture APIs for oncology and diabetes drugs.,-1.0,-1.0,P,"$5B active pharmaceutical ingredient manufacturing facility in Richmond VA Operator: Eli Lilly and Company. Site region (per source): Southeast. Site industry slug: 'pharmaceutical'. Retrieved from the Engineered-Vision Manufacturing Megaprojects Tracker (https://map.engineered-vision.com/), vintage Apr 2026 Update.",https://investor.lilly.com/news-releases/news-release-details/lilly-build-6-billion-facility-manufacture-active-pharmaceutical,https://virginiabusiness.com/eli-lilly-pharmaceutical-plant-goochland-va/,"RESOLVED — announced resolved agentically (web search -> primary announcement source, confidence high); promised_date_source resolved agentically (the announcement source that establishes `announced`, confidence high); status_source resolved agentically (dated, independent article on the project's current state (replaces the aggregator fallback), confidence high)",https://investor.lilly.com/news-releases/news-release-details/lilly-announces-plans-build-5-billion-manufacturing-facility,2025-09-15,2030-07-01,,"Lilly announced the $5B Goochland County VA facility, September 16, 2025",2030,Active – New addition
7,2026-08-30T14:49:37Z,7,Enel 3Sun Solar Panel Factory,Solar,OK,2023-05,1000000000,1000,pending,pending,Delayed – Construction status uncertain — Apr 2026 Update: Construction progressing. Bifacial solar panel production targeted for 2025.,-1.0,-1.0,P,"One of the largest U.S. solar cell and panel factories in Inola OK Operator: Enel North America. Site region (per source): Southeast. Site industry slug: 'renewable'. Retrieved from the Engineered-Vision Manufacturing Megaprojects Tracker (https://map.engineered-vision.com/), vintage Apr 2026 Update.",https://www.enelnorthamerica.com/about-us/newsroom/search-press/press/2023/05/3sun-oklahoma,https://tulsaworld.com/news/local/article_83c28794-954e-11ef-a2d1-8f4cc665c72c.html,"RESOLVED — announced resolved agentically (web search -> primary announcement source, confidence high); promised_date_source resolved agentically (the announcement source that establishes `announced`, confidence high); status_source resolved agentically (dated, independent article on the project's current state (replaces the aggregator fallback), confidence high)",https://www.prnewswire.com/news-releases/enel-selects-oklahoma-as-site-for-planned-solar-pv-cell--panel-manufacturing-facility-301830698.html,2023-05-15,,,"Enel/3Sun USA selected Inola OK, May 22, 2023",TBD,Delayed – Construction status uncertain
8,2026-08-30T14:49:37Z,8,Envision AESC Gigafactory,Battery,KY,2022-04,2000000000,2000,2025,pending,Active — Apr 2026 Update: Construction ongoing. Will supply Nissan and other automakers. 30 GWh capacity.,-1.0,-1.0,P,"30 GWh EV battery cell plant in Bowling Green KY Operator: Envision AESC. Site region (per source): Southeast. Site industry slug: 'battery'. Retrieved from the Engineered-Vision Manufacturing Megaprojects Tracker (https://map.engineered-vision.com/), vintage Apr 2026 Update.",https://www.kentucky.gov/Pages/Activity-stream.aspx?n=GovernorBeshear&prId=1273,https://bgdailynews.com/2025/06/22/news_aesc061925/,"RESOLVED — announced resolved agentically (web search -> primary announcement source, confidence high); promised_date_source resolved agentically (the announcement source that establishes `announced`, confidence high); status_source resolved agentically (dated, independent article on the project's current state (replaces the aggregator fallback), confidence high)",https://ced.ky.gov/Newsroom/NewsPage/20220413_EnvisionAESC,2022-04-15,2025-07-01,,"Gov. Beshear announced Envision AESC's Bowling Green gigafactory, April 13, 2022",2025-2027,Active
9,2026-08-30T14:49:37Z,9,First Solar Series 7 Plant (Alabama),Solar,AL,2022-11,1100000000,800,2024,2024-09,Active – Operational — Apr 2026 Update: Plant inaugurated September 2024. Fully operational producing Series 7 thin-film solar panels.,1.8,0.2,P,"Solar panel factory in Lawrence County AL making 3.5 GW nameplate capacity Operator: First Solar. Site region (per source): Southeast. Site industry slug: 'renewable'. Retrieved from the Engineered-Vision Manufacturing Megaprojects Tracker (https://map.engineered-vision.com/), vintage Apr 2026 Update.",https://www.madeinalabama.com/2024/09/first-solar-inaugurates-1-1-billion-alabama-manufacturing-facility/,https://www.renewableenergyworld.com/solar/roll-tide-build-solar-first-solar-inaugurates-1-1b-alabama-facility/,"RESOLVED — announced resolved agentically (web search -> primary announcement source, confidence medium); promised_date_source resolved agentically (the announcement source that establishes `announced`, confidence medium); status_source resolved agentically (dated, independent article on the project's current state (replaces the aggregator fallback), confidence high)",https://www.madeinalabama.com/2024/09/first-solar-inaugurates-1-1-billion-alabama-manufacturing-facility/,2022-11-15,2024-07-01,2024-09-15,First Solar announced the Lawrence County AL plant in November 2022,2024-2025,Active – Operational Plant inaugurated September 2024. Fully operational producing Series 7 thin-film solar panels.
10,2026-08-30T14:49:37Z,10,First Solar Series 7 Plant (Louisiana),Solar,LA,2023-08,1100000000,700,2025,2025-07,Active — Apr 2026 Update: Construction underway. Expected to add 700 jobs when fully operational in 2026.,1.9,0.0,P,"Two million sq ft Series 7 module solar panel manufacturing in Iberville Parish LA Operator: First Solar. Site region (per source): Southeast. Site industry slug: 'renewable'. Retrieved from the Engineered-Vision Manufacturing Megaprojects Tracker (https://map.engineered-vision.com/), vintage Apr 2026 Update.",https://www.renewableenergymagazine.com/pv_solar/first-solar-breaks-ground-on-1-1-20230922,https://www.opportunitylouisiana.gov/news/first-solar-inaugurates-new-1-1-billion-ai-enabled-louisiana-manufacturing-facility,"RESOLVED — actual_first_output resolved agentically (web search -> primary announcement source, confidence high); announced resolved agentically (web search -> primary announcement source, confidence high); promised_date_source resolved agentically (the announcement source that establishes `announced`, confidence high); status_source resolved agentically (dated, independent article on the project's current state (replaces the aggregator fallback), confidence high)",https://www.opportunitylouisiana.gov/news/first-solar-to-invest-up-to-1-1-billion-to-build-solar-panel-manufacturing-facility-in-acadiana-create-over-700-new-direct-jobs,2023-08-15,2025-07-01,2025-07-15,"First Solar selected the Acadiana Regional Airport site, August 10, 2023",2025-2026,the Louisiana facility produced its first modules in July 2025
11,2026-08-30T14:49:37Z,11,Ford BlueOval Battery Park Michigan,Battery,MI,2023-02,3500000000,1700,2026,pending,Active — Apr 2026 Update: Construction progressing. Ford retains this Michigan LFP plant (separate from dissolved Kentucky JV). Uses licensed CATL technology. Production targeted 2026.,-1.0,-1.0,P,"LFP battery cell factory using CATL technology in Marshall MI Operator: Ford Motor Company. Site region (per source): Midwest. Site industry slug: 'battery'. Retrieved from the Engineered-Vision Manufacturing Megaprojects Tracker (https://map.engineered-vision.com/), vintage Apr 2026 Update.",https://media.ford.com/content/fordmedia/fna/us/en/news/2024/07/09/blueoval-battery-park-michigan-construction-progresses-alongside.html,https://www.fromtheroad.ford.com/us/en/articles/2026/blueoval-battery-park-michigan-hiring-and-lfp-production,"RESOLVED — announced resolved agentically (web search -> primary announcement source, confidence high); promised_date_source resolved agentically (the announcement source that establishes `announced`, confidence high); status_source resolved agentically (dated, independent article on the project's current state (replaces the aggregator fallback), confidence high)",https://www.michiganbusiness.org/press-releases/2023/02/marshall-ford-investment/,2023-02-15,2026-07-01,,"Ford and Gov. Whitmer announced the $3.5B Marshall LFP plant, February 13, 2023",2026,Active
12,2026-08-30T14:49:37Z,12,Ford BlueOval City,Auto Assembly,TN,2021-09,5600000000,5800,2028,pending,Active – Construction complete; EV production delayed to 2028 — Apr 2026 Update: Construction completed September 2025. Battery production delayed to 2027; full vehicle production delayed to 2028 due to slower EV demand. Ford ended SK On JV but BlueOval City (Tennessee) is separate from Kentucky battery park.,-1.0,-1.0,P,"Integrated EV manufacturing campus for F-Series electric trucks in Stanton TN Operator: Ford Motor Co.. Site region (per source): Southeast. Site industry slug: 'automotive'. Retrieved from the Engineered-Vision Manufacturing Megaprojects Tracker (https://map.engineered-vision.com/), vintage Apr 2026 Update.",https://corporate.ford.com/operations/blue-oval-city.html,https://tennesseelookout.com/2025/12/16/ford-scraps-plans-for-electric-pickup-at-blueoval-city-turns-to-gas-powered-truck-models/,"RESOLVED — announced resolved agentically (web search -> primary announcement source, confidence medium); promised_date_source resolved agentically (the announcement source that establishes `announced`, confidence medium); status_source resolved agentically (dated, independent article on the project's current state (replaces the aggregator fallback), confidence high)",https://en.wikipedia.org/wiki/BlueOval_City,2021-09-15,2028-07-01,,"Ford announced BlueOval City at Stanton TN, September 27, 2021",2028,Active – Construction complete; EV production delayed to 2028
13,2026-08-30T14:49:37Z,13,Ford–SK BlueOval SK Battery Park,Battery,KY,2021-09,5800000000,5000,2026,pending,Delayed – JV dissolved Dec 2025; Ford taking sole control — Apr 2026 Update: Ford and SK On dissolved BlueOval SK joint venture in December 2025. Ford taking full sole ownership of Kentucky plant. Plant closed Feb 14 2026 pending restructuring. Second planned plant paused.,-1.0,-1.0,P,"Twin battery gigafactories with 86 GWh combined capacity in Glendale KY Operator: Ford Motor Co. and SK On. Site region (per source): Southeast. Site industry slug: 'battery'. Retrieved from the Engineered-Vision Manufacturing Megaprojects Tracker (https://map.engineered-vision.com/), vintage Apr 2026 Update.",https://www.wdrb.com/news/business/ford-ends-sk-on-partnership-takes-full-control-of-kentucky-battery-plant-amid-ev-downturn/article_31999428-a218-4ca9-a25c-5d366c3a6b21.html,https://www.wkyufm.org/news/2025-12-23/now-theyre-left-in-the-rain-blueoval-workers-in-glendale-face-feb-14-closing-date,"RESOLVED — announced resolved agentically (web search -> primary announcement source, confidence high); promised_date_source resolved agentically (the announcement source that establishes `announced`, confidence high); promised_jobs resolved agentically (web search -> primary announcement source; Ford/SK On's $5.8B Kentucky investment was announced as creating 5,000 jobs, confidence high); status_source resolved agentically (dated, independent article on the project's current state (replaces the aggregator fallback), confidence high)",https://www.kentucky.gov/Pages/Activity-stream.aspx?n=GovernorBeshear&prId=2561,2021-09-15,2026-07-01,,"Ford and SK announced BlueOval SK Battery Park in Glendale KY, September 27, 2021",2026,Delayed – JV dissolved Dec 2025; Ford taking sole control
14,2026-08-30T14:49:37Z,14,GM Orion EV + Ultium Battery Projects,Auto Assembly,MI,2022-01,6500000000,4000,2025,pending,Delayed – EV production delayed 2+ years; pivoting to gas trucks — Apr 2026 Update: GM delayed electric pickup production at Orion by 2+ years. GM posted $6B writedown in Q4 2025 for EV losses. Orion plant now planned to produce gas-powered Cadillac Escalade and Silverado/Sierra trucks starting 2027.,-1.0,-1.0,P,"EV truck production conversion at Orion Assembly and Ultium battery factory in Lansing MI Operator: General Motors & LG Energy Solution. Site region (per source): Midwest. Site industry slug: 'automotive'. Retrieved from the Engineered-Vision Manufacturing Megaprojects Tracker (https://map.engineered-vision.com/), vintage Apr 2026 Update.",https://www.gm.com/stories/manufacturing-ultium-evs-trucks,https://insideevs.com/news/758106/gm-orion-changes-ev-plans/,"RESOLVED — announced resolved agentically (web search -> primary announcement source, confidence high); promised_date_source resolved agentically (the announcement source that establishes `announced`, confidence high); status_source resolved agentically (dated, independent article on the project's current state (replaces the aggregator fallback), confidence high)",https://investor.gm.com/news-releases/news-release-details/gm-accelerates-its-drive-lead-ev-industry-7-billion-investment/,2022-01-15,2025-07-01,,"GM announced $7B across four Michigan sites incl. Orion and Ultium Lansing, January 25, 2022",2025,Delayed – EV production delayed 2+ years; pivoting to gas trucks
15,2026-08-30T14:49:37Z,15,GlobalFoundries Burlington Expansion,Semiconductors,VT,2025-06,4000000000,400,pending,pending,Active – New addition — Apr 2026 Update: Announced June 2025 alongside NY expansion. Vermont fab produces specialty chips for aerospace and defense. Part of $16B total plan.,-1.0,-1.0,P,"Expansion of Burlington Vermont fab as part of $16B total U.S. investment plan Operator: GlobalFoundries. Site region (per source): Northeast. Site industry slug: 'semiconductor'. Retrieved from the Engineered-Vision Manufacturing Megaprojects Tracker (https://map.engineered-vision.com/), vintage Apr 2026 Update.",https://vtdigger.org/2025/06/04/globalfoundries-to-invest-16b-in-chip-manufacturing-in-vermont-and-new-york/,https://www.wcax.com/2026/05/21/globalfoundries-gets-375-million-federal-funding-expand-manufacturing/,"RESOLVED — promised_date_source resolved agentically (web search -> primary announcement source; GlobalFoundries announced the $16B NY+VT programme on June 4, 2025, confidence high); promised_jobs resolved agentically (web search -> primary announcement source; the Essex Junction VT expansion is reported as bringing more than 400 jobs to the state, confidence medium); status_source resolved agentically (dated, independent article on the project's current state (replaces the aggregator fallback), confidence high)",https://vermontbiz.com/news/2025/june/04/globalfoundries-announces-16b-us-investment-restore-chip-manufacturing-vermont,2025-06-15,,,Announced June 2025,TBD,Active – New addition
16,2026-08-30T14:49:37Z,16,GlobalFoundries Fab 8 Expansion,Semiconductors,NY,2025-06,12000000000,2500,2025,pending,"Active – Part of $16B plan — Apr 2026 Update: In June 2025 GlobalFoundries announced $16B total investment across NY and VT. Malta NY fab expansion is the primary component. Focused on AI, aerospace, and automotive chips.",-1.0,-1.0,P,"Capacity increase and second fab at Malta campus; part of $16B total NY/VT plan Operator: GlobalFoundries. Site region (per source): Northeast. Site industry slug: 'semiconductor'. Retrieved from the Engineered-Vision Manufacturing Megaprojects Tracker (https://map.engineered-vision.com/), vintage Apr 2026 Update.",https://gf.com/gf-press-release/globalfoundries-announces-16b-u-s-investment-to-reshore-essential-chip-manufacturing-and-accelerate-ai-growth/,https://www.timesunion.com/business/article/globalfoundries-signs-chips-contract-second-malta-19931710.php,"RESOLVED — announced resolved agentically (web search -> primary announcement source, confidence medium); promised_date_source resolved agentically (the announcement source that establishes `announced`, confidence medium); status_source resolved agentically (dated, independent article on the project's current state (replaces the aggregator fallback), confidence high)",https://vermontbiz.com/news/2025/june/04/globalfoundries-announces-16b-us-investment-restore-chip-manufacturing-vermont,2025-06-15,2025-07-01,,"GlobalFoundries announced the $16B NY+VT programme, June 4, 2025 (the site frames Fab 8 as its primary component)",2025-2027,Active – Part of $16B plan
17,2026-08-30T14:49:37Z,17,GlobalWafers 300mm Wafer Plant,Semiconductors,TX,2022-06,7500000000,650,2025,pending,"Active — Apr 2026 Update: Construction progressing in Sherman TX. Expected to produce silicon wafers for U.S. chip fabs, reducing dependence on Asian suppliers.",-1.0,-1.0,P,"First U.S. 300mm silicon wafer facility in Sherman, TX Operator: GlobalWafers. Site region (per source): South. Site industry slug: 'semiconductor'. Retrieved from the Engineered-Vision Manufacturing Megaprojects Tracker (https://map.engineered-vision.com/), vintage Apr 2026 Update.",https://www.ci.sherman.tx.us/CivicAlerts.aspx?AID=454,https://focustaiwan.tw/business/202601210020,"RESOLVED — announced resolved agentically (web search -> primary announcement source, confidence high); promised_date_source resolved agentically (the announcement source that establishes `announced`, confidence high); status_source resolved agentically (dated, independent article on the project's current state (replaces the aggregator fallback), confidence high)",https://www.sas-globalwafers.com/en/gwc_news_en_20220627/,2022-06-15,2025-07-01,,"GlobalWafers selected Sherman TX, June 27, 2022",2025-2028,Active
18,2026-08-30T14:49:37Z,18,Gotion EV Battery Gigafactory (Illinois),Battery,IL,2023-09,2000000000,2600,2025,2025-10,Active – Illinois plant operating; Michigan plant cancelled — Apr 2026 Update: Illinois plant operational with Pack Line A running as of Oct 2025. Expanding workforce to 450 jobs. Note: Gotion's separate Michigan plant was abandoned in Oct 2025.,2.1,0.3,P,"40 GWh lithium-ion battery production in Manteno IL Operator: Gotion High-Tech. Site region (per source): Midwest. Site industry slug: 'battery'. Retrieved from the Engineered-Vision Manufacturing Megaprojects Tracker (https://map.engineered-vision.com/), vintage Apr 2026 Update.",https://gotionillinois.com/wp-content/uploads/2025/11/Shaw-Local-Gotion-Update.pdf,https://www.shawlocal.com/daily-journal/2025/11/18/gotion-gives-updates-on-manteno-plant/,"RESOLVED — actual_first_output resolved agentically (web search -> primary announcement source, confidence medium); announced resolved agentically (web search -> primary announcement source, confidence high); promised_date_source resolved agentically (the announcement source that establishes `announced`, confidence high); status_source resolved agentically (dated, independent article on the project's current state (replaces the aggregator fallback), confidence high)",https://www.illinoisedc.org/news/gov-pritzker-and-gotion-announce-new-2-billion-electric-vehicle-battery-gigafactory-in-kankakee-county/,2023-09-15,2025-07-01,2025-10-15,"Gov. Pritzker and Gotion announced the $2B Manteno gigafactory, September 2023",2025,"the aggregator's own prose dates first output precisely -- 'Illinois plant operational with Pack Line A running as of Oct 2025' -- but the deterministic pass will not date a row from a sentence it cannot attribute, so the date is carried here instead. Corroborated independently: local reporting confirms the Manteno plant running production lines through late 2025"
19,2026-08-30T14:49:38Z,19,Gotion Michigan Plant (CANCELLED),Battery,MI,2022-10,2400000000,2350,never,never,Cancelled — Apr 2026 Update: Gotion abandoned the Michigan plant in October 2025 amid local opposition and national security concerns. State clawing back $24M in grants. Gotion suing Green Charter Township for damages.,-2.0,-2.0,P,"Planned $2.4B lithium-iron phosphate battery plant in Big Rapids MI — abandoned Oct 2025 Operator: Gotion High-Tech. Site region (per source): Midwest. Site industry slug: 'battery'. Retrieved from the Engineered-Vision Manufacturing Megaprojects Tracker (https://map.engineered-vision.com/), vintage Apr 2026 Update.",https://www.reuters.com/world/us/chinese-battery-company-abandons-plan-build-michigan-plant-state-says-2025-10-23/,https://bridgemi.com/business-watch/michigan-gotion-battery-plant-plan-is-dead-after-years-of-controversy/,"RESOLVED — announced resolved agentically (web search -> primary announcement source, confidence medium); promised_date_source resolved agentically (the announcement source that establishes `announced`, confidence medium); status_source resolved agentically (dated, independent article on the project's current state (replaces the aggregator fallback), confidence high)",https://bridgemi.com/business-watch/michigan-gotion-battery-plant-plan-is-dead-after-years-of-controversy/,2022-10-15,,,The Green Charter Township plan was introduced in October 2022 (state support ended October 2025),Cancelled,Cancelled
20,2026-08-30T14:49:38Z,20,HSC Steel Production Plant,Steel,LA,2025-03,5800000000,5500,2026,pending,Active — Apr 2026 Update: Construction underway. Will supply Hyundai's Georgia Metaplant with domestically produced steel. Uses hydrogen-based steelmaking to reduce carbon emissions.,-1.0,-1.0,P,"1,700-acre ultra-low carbon steel production plant in Ascension Parish LA Operator: Hyundai. Site region (per source): Southeast. Site industry slug: 'metals'. Retrieved from the Engineered-Vision Manufacturing Megaprojects Tracker (https://map.engineered-vision.com/), vintage Apr 2026 Update.",https://www.opportunitylouisiana.gov/news/louisiana-wins-again-governor-jeff-landry-led-secure-5-8-billion-hyundai-steel-plant,https://www.thecentersquare.com/louisiana/article_a2926a30-1f51-4a15-a7ce-0c1797f8944f.html,"RESOLVED — announced resolved agentically (web search -> primary announcement source, confidence high); promised_date_source resolved agentically (the announcement source that establishes `announced`, confidence high); status_source resolved agentically (dated, independent article on the project's current state (replaces the aggregator fallback), confidence high)",https://www.opportunitylouisiana.gov/news/louisiana-wins-again-governor-jeff-landry-led-secure-5-8-billion-hyundai-steel-plant,2025-03-15,2026-07-01,,"Gov. Landry and LED announced the $5.8B Hyundai steel mill, March 24, 2025",2026-2029,Active
21,2026-08-30T14:49:38Z,21,Honda–LG EV Battery Plant,Battery,OH,2022-10,3500000000,2200,2025,pending,Active – Honda retreating from EV; plant future uncertain — Apr 2026 Update: Plant built and operational. However Honda announced major EV strategy retreat in March 2026 — scaling back EV plans by $15.7B. LG Energy sold plant building to Honda in Dec 2025 sale-leaseback. Plant future uncertain as Honda pivots to hybrids.,-1.0,-1.0,P,"Battery gigafactory with 40 GWh capacity for Honda and Acura EVs in Jeffersonville OH Operator: Honda/LG Energy Solution. Site region (per source): Midwest. Site industry slug: 'battery'. Retrieved from the Engineered-Vision Manufacturing Megaprojects Tracker (https://map.engineered-vision.com/), vintage Apr 2026 Update.",https://lgeshonda.com/,https://www.electrive.com/2026/01/05/lg-energy-solution-sells-us-plant-building-to-honda/,"RESOLVED — announced resolved agentically (web search -> primary announcement source, confidence high); promised_date_source resolved agentically (the announcement source that establishes `announced`, confidence high); status_source resolved agentically (dated, independent article on the project's current state (replaces the aggregator fallback), confidence high) || OPEN — actual_first_output: the site claims production has begun but gives NO date for it; left as 'pending' rather than dated from the promise",https://governor.ohio.gov/media/news-and-media/governor-dewine-announces-honda-to-invest-in-ohio-for-electric-vehicle-production-including-new-battery-plant-with-lg-energy-solution-10112022,2022-10-15,2025-07-01,,"Honda and LG Energy Solution announced Jeffersonville OH, October 11, 2022",2025,Active – Honda retreating from EV; plant future uncertain Plant built and operational. However Honda announced major EV strategy retreat in March 2026 — scaling back EV plans by $15.7B. LG Energy sold plant building to Honda in Dec 2025 sale-leaseback. Plant future uncertain as Honda pivots to hybrids.
22,2026-08-30T14:49:38Z,22,Hyundai Motor Group Metaplant,Auto Assembly,GA,2022-05,7590000000,8500,2025,2024-10,"Active – Producing vehicles — Apr 2026 Update: Plant opened and producing EVs including Ioniq 5, Ioniq 6, and GV70. LG Energy battery module plant co-located on campus. Hyundai committed additional investment amid tariff concerns.",2.4,-0.7,P,"EV production and battery cell manufacturing in Bryan County GA Operator: Hyundai Motor Co. with LG Energy Solution. Site region (per source): Southeast. Site industry slug: 'automotive'. Retrieved from the Engineered-Vision Manufacturing Megaprojects Tracker (https://map.engineered-vision.com/), vintage Apr 2026 Update.",https://www.npr.org/2025/03/31/nx-s1-5342658/hyundai-georgia-plant-electric,https://www.hyundai.com/worldwide/en/newsroom/detail/hyundai-motor-group-metaplant-america-celebrates-grand-opening%2C-powering-u.s.-economic-growth-0000000920,"RESOLVED — actual_first_output resolved agentically (web search -> primary announcement source, confidence medium); announced resolved agentically (web search -> primary announcement source, confidence high); promised_date_source resolved agentically (the announcement source that establishes `announced`, confidence high); status_source resolved agentically (dated, independent article on the project's current state (replaces the aggregator fallback), confidence high)",https://georgia.org/hyundai-motor-group-metaplant-america,2022-05-15,2025-07-01,2024-10-15,"Gov. Kemp and Hyundai announced the Bryan County GA plant, May 20, 2022",2025,Metaplant America began vehicle production in October 2024 (grand opening March 2025)
23,2026-08-30T14:49:38Z,23,Intel Chandler Expansion,Semiconductors,AZ,2021-03,20000000000,3000,2024,pending,"Active — Apr 2026 Update: Fab 52 construction complete; Fab 62 progressing. Intel entered pact with Tesla/SpaceX/xAI for Terafab AI chip complex in Texas (Apr 2026), signaling renewed foundry momentum.",-1.0,-1.0,P,"Expansion with two new state-of-the-art fabs (52 and 62) Operator: Intel Corporation. Site region (per source): Southwest. Site industry slug: 'semiconductor'. Retrieved from the Engineered-Vision Manufacturing Megaprojects Tracker (https://map.engineered-vision.com/), vintage Apr 2026 Update.",https://www.enr.com/articles/58334-intels-20b-arizona-chip-plant-project-poised-to-make-national-impact,https://www.datacenterdynamics.com/en/news/intel-details-clearwater-forest-data-center-processor-architecture-announces-new-arizona-fab-52-is-fully-operational/,"RESOLVED — announced resolved agentically (web search -> primary announcement source, confidence high); promised_date_source resolved agentically (the announcement source that establishes `announced`, confidence high); status_source resolved agentically (dated, independent article on the project's current state (replaces the aggregator fallback), confidence high)",https://newsroom.intel.com/press-kit/press-kit-intel-builds-arizona,2021-03-15,2024-07-01,,"Intel announced Fab 52 and Fab 62 at Ocotillo, Chandler AZ, March 23, 2021",2024,Active
24,2026-08-30T14:49:38Z,24,Intel Fab 9 Advanced-Packaging Hub,Semiconductors,NM,2021-05,3500000000,700,2024,2024-01,Active — Apr 2026 Update: Fab 9 opened and became operational in January 2024. Produces high-volume Foveros 3D packaging. Intel received $500M CHIPS Act grant for this facility.,2.7,-0.5,P,"High-volume Foveros 3D advanced packaging facility in Rio Rancho Operator: Intel. Site region (per source): Southwest. Site industry slug: 'semiconductor'. Retrieved from the Engineered-Vision Manufacturing Megaprojects Tracker (https://map.engineered-vision.com/), vintage Apr 2026 Update.",https://www.bizjournals.com/albuquerque/news/2025/04/19/billions-boost-new-mexico-chip-production.html,https://newsroom.intel.com/intel-foundry/intels-us-advanced-packaging-enables-next-generation-ai-semiconductors,"RESOLVED — announced resolved agentically (web search -> primary announcement source, confidence high); promised_date_source resolved agentically (the announcement source that establishes `announced`, confidence high); status_source resolved agentically (dated, independent article on the project's current state (replaces the aggregator fallback), confidence high)",https://www.intel.com/content/www/us/en/newsroom/resources/new-mexico-investment.html,2021-05-15,2024-07-01,2024-01-15,"Intel announced the $3.5B New Mexico advanced-packaging investment, May 3, 2021",2024,Active Fab 9 opened and became operational in January 2024. Produces high-volume Foveros 3D packaging. Intel received $500M CHIPS Act grant for this facility.
25,2026-08-30T14:49:38Z,25,Intel Silicon Heartland Fabs,Semiconductors,OH,2022-01,28000000000,3000,2030,pending,Delayed – Production pushed to 2030-2031 — Apr 2026 Update: Severe delays: production timeline pushed from 2025-2026 to 2030-2031 — a 5+ year slip. Intel posted $10.3B operating loss in 2025. However Intel signed Terafab pact with Tesla/SpaceX in Apr 2026 signaling renewed investment momentum.,-1.0,-1.0,P,"Two leading-edge chip fabs with potential expansion to eight at New Albany campus Operator: Intel Corporation. Site region (per source): Midwest. Site industry slug: 'semiconductor'. Retrieved from the Engineered-Vision Manufacturing Megaprojects Tracker (https://map.engineered-vision.com/), vintage Apr 2026 Update.",https://siliconheartland.newalbanyohio.org/,https://newsroom.intel.com/corporate/ohio-one-construction-timeline-update,"RESOLVED — announced resolved agentically (web search -> primary announcement source, confidence high); promised_date_source resolved agentically (the announcement source that establishes `announced`, confidence high); status_source resolved agentically (dated, independent article on the project's current state (replaces the aggregator fallback), confidence high)",https://newsroom.intel.com/press-kit/intel-invests-ohio,2022-01-15,2030-07-01,,"Intel announced the Licking County OH fabs, January 21, 2022",2030-2032,Delayed – Production pushed to 2030-2031
26,2026-08-30T14:49:38Z,26,JNJ Biologics Manufacturing Facility,Pharmaceuticals,NC,2024-10,2000000000,500,pending,pending,Active — Apr 2026 Update: Part of J&J's $55B+ U.S. investment commitment. Wilson NC facility will manufacture biologic medicines. Construction underway.,-1.0,-1.0,P,"500,000 sq ft biologics manufacturing facility in Wilson NC Operator: Johnson & Johnson. Site region (per source): Southeast. Site industry slug: 'medical devices'. Retrieved from the Engineered-Vision Manufacturing Megaprojects Tracker (https://map.engineered-vision.com/), vintage Apr 2026 Update.",https://www.jnj.com/media-center/press-releases/johnson-johnson-increases-u-s-investment-to-more-than-55-billion-over-the-next-four-years,https://www.jnj.com/media-center/press-releases/johnson-johnson-to-break-ground-on-new-state-of-the-art-biologics-facility-in-north-carolina-to-deliver-market-leading-portfolio-of-transformational-therapies,"RESOLVED — announced resolved agentically (web search -> primary announcement source, confidence high); promised_date_source resolved agentically (the announcement source that establishes `announced`, confidence high); sector resolved agentically (read the project description; CORRECTION of a site mis-tag: the site files this under industry='medical devices', but it is a biologics drug-substance plant, confidence high); status_source resolved agentically (dated, independent article on the project's current state (replaces the aggregator fallback), confidence high)",https://www.jnj.com/media-center/press-releases/johnson-johnson-to-invest-more-than-2-billion-in-new-advanced-technology-manufacturing-facility-in-north-carolina-to-support-robust-portfolio-growth,2024-10-15,,,"J&J announced the >$2B Wilson NC biologics facility, October 1, 2024",TBD,Active
27,2026-08-30T14:49:38Z,27,JetZero Z4 Factory,Aerospace and Defense,NC,2025-06,4700000000,14500,2030,pending,Active – Site selected — Apr 2026 Update: Greensboro NC selected as factory site. Demonstrator aircraft program ongoing with USAF. Full factory production targeted late 2030s pending aircraft certification.,-1.0,-1.0,P,"Factory to produce blended-wing-body Z4 aircraft at up to 20 planes/month Operator: JetZero. Site region (per source): Southeast. Site industry slug: 'aviation'. Retrieved from the Engineered-Vision Manufacturing Megaprojects Tracker (https://map.engineered-vision.com/), vintage Apr 2026 Update.",https://www.jetzero.aero/jetzero-selectsgreensborro-nc-for-factory,https://governor.nc.gov/news/press-releases/2026/06/15/governor-stein-celebrates-jetzero-groundbreaking-launch-greensboro-airplane-makers-14500-job-project,"RESOLVED — announced resolved agentically (web search -> primary announcement source, confidence high); promised_date_source resolved agentically (the announcement source that establishes `announced`, confidence high); promised_first_output resolved agentically (web search -> primary announcement source, confidence medium); status_source resolved agentically (dated, independent article on the project's current state (replaces the aggregator fallback), confidence high)",https://www.commerce.nc.gov/news/press-releases/2025/06/12/governor-stein-announces-jetzero-selects-north-carolina-4-billion-airplane-manufacturing-hub,2025-06-15,2030-07-01,,"Gov. Stein announced JetZero's Greensboro NC factory, June 12, 2025","the site's timeline mixes two events ('2026 (construction) – Late 2030s (full production)'); the deterministic parser took 2026, which is construction start, not output. First aircraft output is targeted around 2030, with the late-2030s figure describing full rate production",Active – Site selected
28,2026-08-30T14:49:38Z,28,LEGO Factory,Chemicals and Plastics,VA,2022-06,1500000000,1760,2027,pending,Active — Apr 2026 Update: Investment updated from $1B to $1.5B. Opening delayed from 2025 to 2027. Will be LEGO's first U.S. manufacturing facility. Carbon-neutral operations planned.,-1.0,-1.0,P,"Carbon-neutral toy manufacturing facility in Chesterfield County VA Operator: The LEGO Group. Site region (per source): Southeast. Site industry slug: 'other'. Retrieved from the Engineered-Vision Manufacturing Megaprojects Tracker (https://map.engineered-vision.com/), vintage Apr 2026 Update.",https://www.legocareersvirginia.com/,https://www.lego.com/en-us/aboutus/news/2025/october/lego-manufacturing-virginia-reaches-major-construction-milestone-at-new-u-s-factory-ahead-of-2027-opening,"RESOLVED — announced resolved agentically (web search -> primary announcement source, confidence high); promised_date_source resolved agentically (the announcement source that establishes `announced`, confidence high); sector resolved agentically (read the project description; site industry='other'; the plant is a plastics moulding/processing/packing facility, confidence high); status_source resolved agentically (dated, independent article on the project's current state (replaces the aggregator fallback), confidence high)",https://www.lego.com/en-us/aboutus/news/2022/june/the-lego-group-to-build-us-1-billion-carbon-neutral-run-factory-in-virginia-usa,2022-06-15,2027-07-01,,"The LEGO Group announced the Chesterfield County VA factory, June 15, 2022",2027,Active
29,2026-08-30T14:49:38Z,29,LG Chem Cathode Plant,Battery,TN,2022-11,3200000000,860,2023,pending,Active — Apr 2026 Update: Plant operational. Produces cathode materials for EV batteries. LG Chem expanding capacity.,-1.0,-1.0,P,"Largest cathode active materials plant in the U.S. in Clarksville TN Operator: LG Chem Ltd.. Site region (per source): Southeast. Site industry slug: 'battery'. Retrieved from the Engineered-Vision Manufacturing Megaprojects Tracker (https://map.engineered-vision.com/), vintage Apr 2026 Update.",https://electrek.co/2024/02/12/lg-chem-ev-battery-cathode-factory/,https://jedunn.com/projects/lg-chem-cathode-manufacturing-plant-phase-1/,"RESOLVED — actual_first_output resolved agentically (web search -> primary announcement source, confidence medium); announced resolved agentically (web search -> primary announcement source, confidence high); promised_date_source resolved agentically (the announcement source that establishes `announced`, confidence high); status_source resolved agentically (dated, independent article on the project's current state (replaces the aggregator fallback), confidence high)",https://www.lgcorp.com/media/release/25594,2022-11-15,2023-07-01,,"LG Chem announced the Clarksville TN cathode plant, November 22, 2022",2023-2026,the site asserts 'Plant operational' but no dated primary source for first cathode output was found; treated as pending rather than dated from the promise
30,2026-08-30T14:49:38Z,30,LG Energy Solution Arizona Complex,Battery,AZ,2023-03,5500000000,3000,2026,pending,Active — Apr 2026 Update: Mass production targeted for first half of 2026. Will supply cylindrical cells for EVs and LFP cells for energy storage systems.,-1.0,-1.0,P,"Cylindrical EV and LFP-ESS cell (53 GWh) production in Queen Creek AZ Operator: LG Energy. Site region (per source): Southwest. Site industry slug: 'battery'. Retrieved from the Engineered-Vision Manufacturing Megaprojects Tracker (https://map.engineered-vision.com/), vintage Apr 2026 Update.",https://koreajoongangdaily.joins.com/news/2025-03-06/business/industry/Exclusive-LG-Energys-Arizona-battery-plant-to-start-mass-production-in-first-half-of-2026/2255270,https://www.abc15.com/news/business/lg-energy-solutions-queen-creek-battery-plant-nears-completion-hiring-ramps-up,"RESOLVED — announced resolved agentically (web search -> primary announcement source, confidence high); promised_date_source resolved agentically (the announcement source that establishes `announced`, confidence high); status_source resolved agentically (dated, independent article on the project's current state (replaces the aggregator fallback), confidence high)",https://www.azcommerce.com/news-events/news/2023/3/lg-energy-solution-to-invest-55-billion-to-build-battery-manufacturing-complex-in-queen-creek/,2023-03-15,2026-07-01,,"LG Energy Solution announced the $5.5B Queen Creek AZ complex, March 24, 2023",2026,Active
31,2026-08-30T14:49:38Z,31,Leprino Foods Facility,Food and Beverage,TX,2021-10,1000000000,600,2025,2025-01,Active – Operational — Apr 2026 Update: Plant opened January 2025. Producing mozzarella cheese and sweet whey. Largest cheese plant in the region.,3.3,-0.5,P,"850,000 sq ft facility producing frozen shredded mozzarella and sweet whey in Lubbock TX Operator: Leprino Foods. Site region (per source): South. Site industry slug: 'food and beverage'. Retrieved from the Engineered-Vision Manufacturing Megaprojects Tracker (https://map.engineered-vision.com/), vintage Apr 2026 Update.",https://www.lubbockonline.com/story/business/2025/01/16/what-does-leprino-foods-lubbock-make-mozzarella-factory-opens-how-much-cheese-wages-texas-tech/77678859007/,https://lubbockeda.org/leprino-foods-opens-in-lubbock-tx/,"RESOLVED — announced resolved agentically (web search -> primary announcement source, confidence high); promised_date_source resolved agentically (the announcement source that establishes `announced`, confidence high); status_source resolved agentically (dated, independent article on the project's current state (replaces the aggregator fallback), confidence high)",https://gov.texas.gov/news/post/governor-abbott-announces-new-leprino-foods-facility-in-lubbock,2021-10-15,2025-07-01,2025-01-15,"Gov. Abbott announced the Leprino Foods Lubbock TX facility, October 1, 2021",2025-2026,Active – Operational Plant opened January 2025. Producing mozzarella cheese and sweet whey. Largest cheese plant in the region.
32,2026-08-30T14:49:38Z,32,Maxeon Solar Mesa del Sol,Solar,NM,2023-08,1000000000,1800,pending,pending,Delayed – Timeline uncertain; company facing financial difficulties — Apr 2026 Update: Timeline has slipped multiple times. Maxeon facing financial difficulties. Project status uncertain as of April 2026.,-1.0,-1.0,P,"3-Gigawatt solar cell and panel manufacturing facility in Albuquerque NM Operator: Maxeon. Site region (per source): Southwest. Site industry slug: 'renewable'. Retrieved from the Engineered-Vision Manufacturing Megaprojects Tracker (https://map.engineered-vision.com/), vintage Apr 2026 Update.",https://www.kunm.org/local-news/2024-05-03/timeline-slips-for-huge-albuquerque-solar-project,https://www.abqjournal.com/business/maxeon-says-it-is-committed-to-building-massive-albuquerque-facility-despite-financial-losses-policy-uncertainty/2910828,"RESOLVED — announced resolved agentically (web search -> primary announcement source, confidence high); promised_date_source resolved agentically (the announcement source that establishes `announced`, confidence high); status_source resolved agentically (dated, independent article on the project's current state (replaces the aggregator fallback), confidence high)","https://mediaroom.maxeon.com/2023-08-10-Maxeon-Solar-Technologies-Selects-Albuquerque,-New-Mexico-as-Site-for-New-3-Gigawatt-Solar-Cell-and-Panel-Manufacturing-Facility",2023-08-15,,,"Maxeon selected Albuquerque NM (Mesa del Sol), August 10, 2023",TBD,Delayed – Timeline uncertain; company facing financial difficulties
33,2026-08-30T14:49:38Z,33,Merck Biologics Center (Delaware),Pharmaceuticals,DE,2025-04,1000000000,500,2028,pending,Active – New addition; broke ground Apr 2025 — Apr 2026 Update: Broke ground April 2025. Will produce cancer immunotherapy treatments including Keytruda. Lab component operational by 2028; full production by 2030.,-1.0,-1.0,P,"New $1B biologics center of excellence at Chestnut Run campus in Wilmington DE Operator: Merck. Site region (per source): Northeast. Site industry slug: 'pharmaceutical'. Retrieved from the Engineered-Vision Manufacturing Megaprojects Tracker (https://map.engineered-vision.com/), vintage Apr 2026 Update.",https://www.merck.com/news/merck-breaks-ground-on-new-1-billion-biologics-center-of-excellence-in-wilmington-delaware/,https://www.pharmexec.com/view/merck-begins-construction-1-billion-biologics-manufacturing-hub,"RESOLVED — announced resolved agentically (web search -> primary announcement source, confidence medium); promised_date_source resolved agentically (the announcement source that establishes `announced`, confidence medium); status_source resolved agentically (dated, independent article on the project's current state (replaces the aggregator fallback), confidence high)",https://www.merck.com/news/merck-breaks-ground-on-new-1-billion-biologics-center-of-excellence-in-wilmington-delaware/,2025-04-15,2028-07-01,,"Merck announced/broke ground on the $1B Wilmington DE biologics centre, April 29, 2025",2028-2030,Active – New addition; broke ground Apr 2025
34,2026-08-30T14:49:38Z,35,Micron Boise DRAM Megafabs,Semiconductors,ID,2025-06,50000000000,3500,2027,pending,Active – Part of $200B plan — Apr 2026 Update: Part of Micron's $200B total U.S. investment announced June 2025. Idaho fabs to produce 40% of company's DRAM in the U.S. First Idaho fab production expected 2027.,-1.0,-1.0,P,"Two new fabs in Boise for leading-edge DRAM manufacturing; part of $200B total U.S. plan Operator: Micron. Site region (per source): West. Site industry slug: 'semiconductor'. Retrieved from the Engineered-Vision Manufacturing Megaprojects Tracker (https://map.engineered-vision.com/), vintage Apr 2026 Update.",https://boisedev.com/news/2025/07/03/micron-boise-50-billion/,https://www.cnbc.com/2026/08/20/micron-boise-chip-fab-expansion.html,"RESOLVED — promised_date_source resolved agentically (web search -> primary announcement source; Micron announced the expanded US investment programme on June 12, 2025, confidence high); promised_jobs resolved agentically (web search -> primary announcement source; Micron plans roughly 3,500 direct jobs at the new Boise sites under the expanded plan, confidence medium); status_source resolved agentically (dated, independent article on the project's current state (replaces the aggregator fallback), confidence high)",https://investors.micron.com/news-releases/news-release-details/micron-and-trump-administration-announce-expanded-us-investments,2025-06-15,2027-07-01,,announced June 2025,2027-2032,Active – Part of $200B plan
35,2026-08-30T14:49:38Z,36,Micron Megafab (Clay NY),Semiconductors,NY,2025-06,100000000000,9000,2030,pending,Active – Broke ground Jan 2026 — Apr 2026 Update: Broke ground January 2026. Part of Micron's $200B total U.S. investment announced June 2025. $6.4B in CHIPS Act funding awarded. First fab production expected late 2020s.,-1.0,-1.0,P,"Largest memory chip fabrication campus in U.S. history; up to four fabs in Clay, NY Operator: Micron Technology. Site region (per source): Northeast. Site industry slug: 'semiconductor'. Retrieved from the Engineered-Vision Manufacturing Megaprojects Tracker (https://map.engineered-vision.com/), vintage Apr 2026 Update.",https://www.micron.com/us-expansion,https://investors.micron.com/news/press-release/2026/Micron-Celebrates-Official-Groundbreaking-at-New-York-Megafab-Site-01-16-2026/default.aspx,"RESOLVED — promised_date_source resolved agentically (web search -> primary announcement source; the June 2025 release the aggregator's 'announced June 2025' refers to. NOTE: the Clay NY SITE itself was first announced in October 2022; this anchor follows the aggregator's framing of the row as part of the $200B programme, confidence medium); status_source resolved agentically (dated, independent article on the project's current state (replaces the aggregator fallback), confidence high)",https://investors.micron.com/news-releases/news-release-details/micron-and-trump-administration-announce-expanded-us-investments,2025-06-15,2030-07-01,,announced June 2025,2030+,Active – Broke ground Jan 2026
36,2026-08-30T14:49:38Z,37,Micron Virginia HBM Expansion,Semiconductors,VA,2024-12,3000000000,340,2030,pending,Active – Updated investment — Apr 2026 Update: Updated investment from $2.17B to $3B as part of Micron's $200B total U.S. plan. Modernization of existing fab underway.,-1.0,-1.0,P,"Expansion of Manassas facility to onshore 1-alpha DRAM and HBM chip production Operator: Micron. Site region (per source): Southeast. Site industry slug: 'semiconductor'. Retrieved from the Engineered-Vision Manufacturing Megaprojects Tracker (https://map.engineered-vision.com/), vintage Apr 2026 Update.",https://www.governor.virginia.gov/newsroom/news-releases/2024/december/name-1038077-en.html,https://investors.micron.com/news/press-release/2026/Micron-Advances-Made-in-America-Memory-With-Manufacturing-Expansion-in-Virginia/default.aspx,"RESOLVED — announced resolved agentically (web search -> primary announcement source, confidence high); promised_date_source resolved agentically (the announcement source that establishes `announced`, confidence high); status_source resolved agentically (dated, independent article on the project's current state (replaces the aggregator fallback), confidence high)",https://www.vedp.org/press-release/2024-12/micron-manassas,2024-12-15,2030-07-01,,"Gov. Youngkin announced Micron's up-to-$2.17B Manassas expansion, December 30, 2024 (later raised to $3B)",2030,Active – Updated investment
37,2026-08-30T14:49:38Z,38,Nippon Steel / US Steel DRI Mill,Steel,AR,2025-11,3000000000,900,pending,pending,Active – New addition — Apr 2026 Update: Announced November 2025 as part of Nippon Steel's $14B total U.S. investment commitment post-acquisition. DRI plant will reduce carbon emissions in steelmaking.,-1.0,-1.0,P,"New direct-reduced iron (DRI) plant at Big River Steel Works campus in Osceola AR Operator: Nippon Steel / U.S. Steel. Site region (per source): Southeast. Site industry slug: 'metals'. Retrieved from the Engineered-Vision Manufacturing Megaprojects Tracker (https://map.engineered-vision.com/), vintage Apr 2026 Update.",https://talkbusiness.net/2025/11/new-steel-mill-slated-for-big-river-steel-works-campus/,https://www.aist.org/u-s-steel-to-build-dri-plant-on-big-river-steel-works-campus,"RESOLVED — promised_date_source resolved agentically (web search -> primary announcement source; U.S. Steel announced the Osceola DRI plant on November 12, 2025, confidence high); status_source resolved agentically (dated, independent article on the project's current state (replaces the aggregator fallback), confidence high)",https://www.arkansasonline.com/news/2025/nov/12/us-steel-to-build-new-facility-in-osceola/,2025-11-15,,,Announced November 2025,TBD,Active – New addition
38,2026-08-30T14:49:38Z,40,Novelis Aluminum Mill,Other,AL,2022-05,5000000000,1000,2026,pending,Active — Apr 2026 Update: Investment increased from $2.5B to $5B. Commissioning delayed from mid-2025 to second half of 2026. Will produce automotive-grade aluminum sheet for EVs.,-1.0,-1.0,P,"Low-carbon aluminum rolling mill and recycling center in Bay Minette AL Operator: Novelis Inc.. Site region (per source): Southeast. Site industry slug: 'metals'. Retrieved from the Engineered-Vision Manufacturing Megaprojects Tracker (https://map.engineered-vision.com/), vintage Apr 2026 Update.",https://governor.alabama.gov/newsroom/2022/05/governor-ivey-novelis-plans-to-invest-2-5-billion-to-open-alabama-aluminum-plant-creating-1000-jobs-in-baldwin-county/,https://www.constructiondive.com/news/fluor-alabama-plant-construction-novelis/829026/,"RESOLVED — announced resolved agentically (web search -> primary announcement source, confidence high); promised_date_source resolved agentically (the announcement source that establishes `announced`, confidence high); sector resolved agentically (read the project description; site industry='metals' but the mill rolls and recycles ALUMINIUM, not steel, confidence high); status_source resolved agentically (dated, independent article on the project's current state (replaces the aggregator fallback), confidence high)",https://investors.novelis.com/news-events/press-releases/detail/56/novelistobuild-2-5-billion-low-carbon-aluminum-recycling-and-rolling-plant,2022-05-15,2026-07-01,,"Novelis announced the $2.5B Bay Minette AL plant, May 11, 2022",2026,Active
39,2026-08-30T14:49:38Z,41,Nucor Steel Mill,Steel,WV,2022-01,4000000000,800,2027,2026-06,Active – Operational — Apr 2026 Update: Investment increased from $2.7B to $4B due to rising costs. Mill operational. Producing flat-rolled steel.,4.4,-1.0,P,"New steel sheet mill along the Ohio River in Mason County WV Operator: Nucor Corporation. Site region (per source): Southeast. Site industry slug: 'metals'. Retrieved from the Engineered-Vision Manufacturing Megaprojects Tracker (https://map.engineered-vision.com/), vintage Apr 2026 Update.",https://www.herald-dispatch.com/business/after-rising-costs-nucor-is-now-a-4-billion-investment/article_30de7a4c-f54d-11ef-987c-97f6f3a3e679.html,https://www.steelmarketupdate.com/2026/04/28/nucor-west-virginia-mill-is-85-complete-commissioning-to-finish-in-2026/,"RESOLVED — actual_first_output resolved agentically (web search -> primary announcement source, confidence medium); announced resolved agentically (web search -> primary announcement source, confidence high); promised_date_source resolved agentically (the announcement source that establishes `announced`, confidence high); status_source resolved agentically (dated, independent article on the project's current state (replaces the aggregator fallback), confidence high)",https://www.capito.senate.gov/news/in-the-news/justice-announces-27b-steel-mill-project-for-mason-county,2022-01-15,2027-07-01,2026-06-15,"Gov. Justice and Nucor announced the Mason County WV sheet mill, January 2022",2027,the Apple Grove WV mill ran its first coil through the pickle line in June 2026; commercial shipments early 2027
40,2026-08-30T14:49:38Z,42,Panasonic Energy Battery Plant,Battery,KS,2022-07,4000000000,4000,2025,2025-07,Active – Producing cells — Apr 2026 Update: Plant operational producing 2170 cylindrical cells for Tesla. Panasonic evaluating expansion. One of the largest EV battery plants in the U.S.,3.0,0.0,P,"Lithium-ion cells production primarily for Tesla in De Soto KS Operator: Panasonic Energy Co.. Site region (per source): Midwest. Site industry slug: 'battery'. Retrieved from the Engineered-Vision Manufacturing Megaprojects Tracker (https://map.engineered-vision.com/), vintage Apr 2026 Update.",https://news.panasonic.com/global/stories/15805,https://na.panasonic.com/news/panasonic-energy-begins-mass-production-at-new-automotive-lithium-ion-battery-factory-in-kansas-aiming-for-annual-capacity-of-32-gwh-to-accelerate-us-local-production,"RESOLVED — actual_first_output resolved agentically (web search -> primary announcement source, confidence high); announced resolved agentically (web search -> primary announcement source, confidence high); promised_date_source resolved agentically (the announcement source that establishes `announced`, confidence high); status_source resolved agentically (dated, independent article on the project's current state (replaces the aggregator fallback), confidence high)",https://www.kansascommerce.gov/2022/07/kansas-lands-4b-4000-job-panasonic-energy-electric-vehicle-battery-plant/,2022-07-15,2025-07-01,2025-07-15,"Gov. Kelly announced Panasonic Energy's De Soto KS plant, July 13, 2022",2025,Panasonic Energy began mass production at De Soto KS in July 2025
41,2026-08-30T14:49:38Z,43,Qcells Solar Manufacturing,Solar,GA,2023-01,2500000000,4000,2023,2023-10,Active — Apr 2026 Update: Facility operational. Produces solar cells and panels. One of the most vertically integrated solar manufacturing operations in the U.S.,0.7,0.3,P,"Fully integrated solar panel supply chain in Dalton GA Operator: Hanwha Qcells. Site region (per source): Southeast. Site industry slug: 'renewable'. Retrieved from the Engineered-Vision Manufacturing Megaprojects Tracker (https://map.engineered-vision.com/), vintage Apr 2026 Update.",https://us.qcells.com/blog/qcells-investments-boost-georgias-clean-energy-economy/,https://us.qcells.com/blog/qcells-north-america-completes-dalton-factory-expansion/,"RESOLVED — actual_first_output resolved agentically (web search -> primary announcement source, confidence high); announced resolved agentically (web search -> primary announcement source, confidence high); promised_date_source resolved agentically (the announcement source that establishes `announced`, confidence high); status_source resolved agentically (dated, independent article on the project's current state (replaces the aggregator fallback), confidence high)",https://gov.georgia.gov/press-releases/2023-01-11/gov-kemp-qcells-more-double-production-georgia-create-2500-new-jobs,2023-01-15,2023-07-01,2023-10-15,"Gov. Kemp announced Qcells' >$2.5B Georgia expansion, January 11, 2023",2023-2024,Qcells completed the Dalton GA factory expansion in October 2023
42,2026-08-30T14:49:38Z,44,Redwood Materials Campus,Battery,SC,2022-12,3500000000,1500,2025,2025-11,Active — Apr 2026 Update: Campus operational. Recycling EV batteries and producing anode copper foil and cathode active materials. Supplying Panasonic and others.,2.9,0.4,P,"Battery recycling and anode/cathode components campus in Ridgeville SC Operator: Redwood Materials Inc.. Site region (per source): Southeast. Site industry slug: 'battery'. Retrieved from the Engineered-Vision Manufacturing Megaprojects Tracker (https://map.engineered-vision.com/), vintage Apr 2026 Update.",https://www.redwoodmaterials.com/battery-materials-campus-2/,https://www.recyclingtoday.com/news/redwood-starts-up-south-carolina-operations/,"RESOLVED — actual_first_output resolved agentically (web search -> primary announcement source, confidence high); announced resolved agentically (web search -> primary announcement source, confidence high); promised_date_source resolved agentically (the announcement source that establishes `announced`, confidence high); status_source resolved agentically (dated, independent article on the project's current state (replaces the aggregator fallback), confidence high)",https://governor.sc.gov/news/2022-12/redwood-materials-establishing-operations-berkeley-county-largest-economic-development,2022-12-15,2025-07-01,2025-11-15,"Gov. McMaster announced Redwood Materials' Berkeley County SC campus, December 2022",2025,Redwood started up its South Carolina operations in November 2025
43,2026-08-30T14:49:38Z,45,Rivian EV Plant (Georgia),Auto Assembly,GA,2021-12,5000000000,7500,2026,pending,Active – Construction began 2026 — Apr 2026 Update: Groundbreaking ceremony held September 2025. First phase of construction began 2026. Production of R2/R3/R3X targeted for 2028. Site spans 9 million sq ft.,-1.0,-1.0,P,"Carbon-conscious manufacturing campus for R2/R3/R3X EVs in Stanton Springs GA Operator: Rivian Automotive. Site region (per source): Southeast. Site industry slug: 'automotive'. Retrieved from the Engineered-Vision Manufacturing Megaprojects Tracker (https://map.engineered-vision.com/), vintage Apr 2026 Update.",https://rivian.com/newsroom/article/rivian-holds-kickoff-ceremony-for-georgia-plant-accelerating-american-manufacturing-growth,https://www.ajc.com/business/2026/08/rivian-says-construction-progressing-well-at-5b-georgia-factory-site/,"RESOLVED — announced resolved agentically (web search -> primary announcement source, confidence high); promised_date_source resolved agentically (the announcement source that establishes `announced`, confidence high); status_source resolved agentically (dated, independent article on the project's current state (replaces the aggregator fallback), confidence high)",https://gov.georgia.gov/press-releases/2021-12-16/gov-kemp-welcomes-rivian-single-largest-economic-development-project,2021-12-15,2026-07-01,,"Gov. Kemp announced Rivian's Stanton Springs GA plant, December 16, 2021",2026-2028,Active – Construction began 2026
44,2026-08-30T14:49:38Z,46,Samsung Taylor Fab,Semiconductors,TX,2021-11,17000000000,2000,2026,pending,Active – Limited ops began Feb 2026 — Apr 2026 Update: Construction halted in 2024 due to reduced demand; resumed mid-2025. Samsung confirmed limited operations began Feb 2026. CHIPS Act funding reduced from $6.4B to $4.7B as investment scaled from $44B to $37B total.,-1.0,-1.0,P,"New semiconductor fabrication plant for advanced logic chips Operator: Samsung Electronics. Site region (per source): South. Site industry slug: 'semiconductor'. Retrieved from the Engineered-Vision Manufacturing Megaprojects Tracker (https://map.engineered-vision.com/), vintage Apr 2026 Update.",https://semiconductor.samsung.com/us/sas/company/taylor/,https://www.trendforce.com/news/2026/06/02/news-samsung-accelerates-u-s-expansion-as-taylor-fab-targets-2027-start-hq-reportedly-moves-to-texas-in-2026/,"RESOLVED — actual_first_output resolved agentically (web search -> primary announcement source, confidence high); announced resolved agentically (web search -> primary announcement source, confidence high); promised_date_source resolved agentically (the announcement source that establishes `announced`, confidence high); status_source resolved agentically (dated, independent article on the project's current state (replaces the aggregator fallback), confidence high)",https://news.samsung.com/global/samsung-electronics-announces-new-advanced-semiconductor-fab-site-in-taylor-texas,2021-11-15,2026-07-01,,"Samsung announced the Taylor TX fab site, November 2021",2026,"CORRECTION. The deterministic pass read the site's 'Limited ops began Feb 2026' as first output. Those 'limited operations' are a temporary certificate of occupancy and EUV tool testing; Samsung itself puts production start in 2027, so nothing has been produced"
45,2026-08-30T14:49:38Z,47,Scout Motors EV Plant,Auto Assembly,SC,2023-03,2300000000,5000,2027,pending,Active — Apr 2026 Update: Investment increased from $2B to $2.3B including $300M Supplier Park. Production timeline shifted from 2026 to late 2027. Terra truck and Traveler SUV in production.,-1.0,-1.0,P,"Revival of Scout brand with electric trucks and SUVs in Blythewood SC Operator: Scout Motors (Volkswagen). Site region (per source): Southeast. Site industry slug: 'automotive'. Retrieved from the Engineered-Vision Manufacturing Megaprojects Tracker (https://map.engineered-vision.com/), vintage Apr 2026 Update.",https://governor.sc.gov/news/2023-03/scout-motors-selects-south-carolina-production-site-plans-create-4000-jobs,https://blog.scoutmotors.com/april-2026-scout-motors-production-center-update/,"RESOLVED — actual_first_output resolved agentically (web search -> primary announcement source, confidence high); announced resolved agentically (web search -> primary announcement source, confidence high); promised_date_source resolved agentically (the announcement source that establishes `announced`, confidence high); status_source resolved agentically (dated, independent article on the project's current state (replaces the aggregator fallback), confidence high)",https://governor.sc.gov/news/2023-03/scout-motors-selects-south-carolina-production-site-plans-create-4000-jobs,2023-03-15,2027-07-01,,"Gov. McMaster announced Scout Motors' Blythewood SC plant, March 20, 2023",2027,the site's own prose says the production timeline shifted to late 2027 -- nothing has been produced
46,2026-08-30T14:49:38Z,48,Shintech Louisiana Expansion,Chemicals and Plastics,LA,2026-03,3400000000,888,2030,pending,Active – New addition — Apr 2026 Update: Announced March 2026. Fifth expansion at Plaquemine site in 16 years. Will add new ethylene cracker and VCM/PVC production units. Completion targeted end of 2030.,-1.0,-1.0,P,"Expansion of PVC and chemical manufacturing in Iberville Parish LA including new ethylene cracker Operator: Shintech. Site region (per source): Southeast. Site industry slug: 'other'. Retrieved from the Engineered-Vision Manufacturing Megaprojects Tracker (https://map.engineered-vision.com/), vintage Apr 2026 Update.",https://www.opportunitylouisiana.gov/news/shintech-louisiana-announces-3-4-billion-expansion-building-on-25-years-of-growth-and-commitment,https://www.manufacturingdive.com/news/pvc-giant-shintech-invest-34b-plaquemine-louisiana-expansion/814172/,"RESOLVED — promised_date_source resolved agentically (web search -> primary announcement source; Louisiana Economic Development announced the $3.4B expansion on March 4, 2026, confidence high); sector resolved agentically (read the project description; site industry='other'; PVC/VCM production plus a new ethylene cracker, confidence high); status_source resolved agentically (dated, independent article on the project's current state (replaces the aggregator fallback), confidence high)",https://www.opportunitylouisiana.gov/news/shintech-louisiana-announces-3-4-billion-expansion-building-on-25-years-of-growth-and-commitment,2026-03-15,2030-07-01,,Announced March 2026,2030,Active – New addition
47,2026-08-30T14:49:38Z,50,Stellantis/Samsung SDI Gigafactory,Battery,IN,2022-05,2500000000,1400,2025,pending,Delayed – Stellantis seeking to exit JV — Apr 2026 Update: First Kokomo plant operational. Stellantis announced in February 2026 it is seeking to end the battery JV with Samsung SDI due to growing EV losses. Exit could trigger penalty payments. Second Kokomo plant paused.,-1.0,-1.0,P,"Lithium-ion battery cell plant for Stellantis EVs in Kokomo IN (first plant) Operator: StarPlus Energy JV. Site region (per source): Midwest. Site industry slug: 'battery'. Retrieved from the Engineered-Vision Manufacturing Megaprojects Tracker (https://map.engineered-vision.com/), vintage Apr 2026 Update.",https://www.detroitnews.com/story/business/autos/chrysler/2026/02/10/stellantis-seeks-to-end-battery-venture-with-samsung-as-ev-losses-grow/88609987007/,https://eu.detroitnews.com/story/business/autos/chrysler/2026/02/10/stellantis-seeks-to-end-battery-venture-with-samsung-as-ev-losses-grow/88609987007/,"RESOLVED — announced resolved agentically (web search -> primary announcement source, confidence high); promised_date_source resolved agentically (the announcement source that establishes `announced`, confidence high); status_source resolved agentically (dated, independent article on the project's current state (replaces the aggregator fallback), confidence high) || OPEN — actual_first_output: the site claims production has begun but gives NO date for it; left as 'pending' rather than dated from the promise",https://www.stellantis.com/en/news/press-releases/2022/may/stellantis-and-samsung-announce-battery-plant-in-kokomo,2022-05-15,2025-07-01,,"CORRECTION. The deterministic pass read 'Stellantis announced in February 2026 it is seeking to end the battery JV' and anchored the row to 2026-02 — the announcement of a WITHDRAWAL, not of the promise. StarPlus Energy's first Kokomo plant was announced by Stellantis and Samsung SDI in May 2022",2025,Delayed – Stellantis seeking to exit JV First Kokomo plant operational. Stellantis announced in February 2026 it is seeking to end the battery JV with Samsung SDI due to growing EV losses. Exit could trigger penalty payments. Second Kokomo plant paused.
48,2026-08-30T14:49:38Z,51,TSMC Arizona Fabs,Semiconductors,AZ,2020-05,165000000000,40000,2024,2024-10,Active – Expanded — Apr 2026 Update: Investment expanded from $65B to $165B total; first fab (N4) producing chips; Fab 2 (N2) under construction; Fab 3 (A16) planned. TSMC celebrated first Blackwell wafer production with NVIDIA in Oct 2025.,4.4,0.3,P,"3 new fabrication plants, two advanced packaging facilities, and a major R&D center Operator: Taiwan Semiconductor Manufacturing Co.. Site region (per source): Southwest. Site industry slug: 'semiconductor'. Retrieved from the Engineered-Vision Manufacturing Megaprojects Tracker (https://map.engineered-vision.com/), vintage Apr 2026 Update.",https://pr.tsmc.com/english/news/3210,https://www.cnbc.com/2026/01/16/tsmcs-arizona-chip-expansion-isnt-done-after-us-investment-cfo.html,"RESOLVED — actual_first_output resolved agentically (web search -> primary announcement source, confidence medium); announced resolved agentically (web search -> primary announcement source, confidence high); promised_date_source resolved agentically (the announcement source that establishes `announced`, confidence high); status_source resolved agentically (dated, independent article on the project's current state (replaces the aggregator fallback), confidence high)",https://pr.tsmc.com/english/news/2033,2020-05-15,2024-07-01,2024-10-15,"TSMC announced its intention to build an advanced fab in the US (Phoenix AZ), May 15, 2020",2024-2026,TSMC's first Arizona fab has been in volume production of N4 since late 2024
49,2026-08-30T14:49:38Z,52,Tesla Giga Nevada Expansion,Auto Assembly,NV,2023-01,3600000000,3000,2025,2026-03,Active — Apr 2026 Update: Semi truck production underway. 4680 cell production ramping. Nevada remains Tesla's primary battery cell manufacturing hub in the U.S.,3.2,0.7,P,"Semi truck production and 4680 battery cell factories at Gigafactory Nevada Operator: Tesla Inc.. Site region (per source): Southwest. Site industry slug: 'automotive'. Retrieved from the Engineered-Vision Manufacturing Megaprojects Tracker (https://map.engineered-vision.com/), vintage Apr 2026 Update.",https://www.tesla.com/blog/continuing-our-investment-nevada,https://www.automotiveworld.com/news/long-awaited-tesla-semi-enters-volume-production-in-nevada/,"RESOLVED — actual_first_output resolved agentically (web search -> primary announcement source, confidence high); announced resolved agentically (web search -> primary announcement source, confidence high); promised_date_source resolved agentically (the announcement source that establishes `announced`, confidence high); status_source resolved agentically (dated, independent article on the project's current state (replaces the aggregator fallback), confidence high)",https://www.manufacturingdive.com/news/tesla-ev-semi-truck-battery-cell-new-gigafactory-nevada/641181/,2023-01-15,2025-07-01,2026-03-15,"Tesla announced the $3.6B Giga Nevada expansion (Semi + 4680), January 24, 2023",2025-2026,"the Tesla Semi entered VOLUME production in Nevada in March 2026 — this replaces the earlier 'pending', which was recorded because the aggregator's 'production underway' claim carried no date"
50,2026-08-30T14:49:38Z,53,Texas Instruments Lehi Fab,Semiconductors,UT,2025-06,11000000000,800,2026,pending,Active – New addition — Apr 2026 Update: $11B Utah fab is part of TI's $60B total plan announced June 2025. Production targeted to begin 2026. Expected to create ~800 direct jobs and thousands of indirect jobs.,-1.0,-1.0,P,"New 300-mm semiconductor fab adjacent to existing Lehi campus acquired from Micron in 2021 Operator: Texas Instruments. Site region (per source): Southwest. Site industry slug: 'semiconductor'. Retrieved from the Engineered-Vision Manufacturing Megaprojects Tracker (https://map.engineered-vision.com/), vintage Apr 2026 Update.",https://www.ti.com/about-ti/newsroom/news-releases/2025/texas-instruments-plans-to-invest-more-than--60-billion-to-manufacture-billions-of-foundational-semiconductors-in-the-us.html,https://www.powerelectronicsnews.com/texas-instruments-commits-over-60-billion-to-u-s-semiconductor-manufacturing/,"RESOLVED — promised_date_source resolved agentically (web search -> primary announcement source; TI announced the >$60B US manufacturing programme on June 18, 2025, confidence high); status_source resolved agentically (dated, independent article on the project's current state (replaces the aggregator fallback), confidence high)",https://www.ti.com/about-ti/newsroom/news-releases/2025/texas-instruments-plans-to-invest-more-than--60-billion-to-manufacture-billions-of-foundational-semiconductors-in-the-us.html,2025-06-15,2026-07-01,,announced June 2025,2026,Active – New addition
51,2026-08-30T14:49:38Z,54,Texas Instruments Sherman Fabs,Semiconductors,TX,2021-11,30000000000,3000,2025,2025-12,Active – Part of $60B plan — Apr 2026 Update: In June 2025 TI announced a total $60B investment across 7 fabs in Texas and Utah. Sherman site investment is part of this broader plan. Production at Sherman Fab 1 targeted for 2025.,4.1,0.5,P,"Up to four 300-mm chip fabs over the coming years at Sherman mega-site Operator: Texas Instruments. Site region (per source): South. Site industry slug: 'semiconductor'. Retrieved from the Engineered-Vision Manufacturing Megaprojects Tracker (https://map.engineered-vision.com/), vintage Apr 2026 Update.",https://www.ti.com/about-ti/newsroom/news-releases/2025/texas-instruments-plans-to-invest-more-than--60-billion-to-manufacture-billions-of-foundational-semiconductors-in-the-us.html,https://www.ti.com/about-ti/newsroom/news-releases/2025/texas-instruments-begins-production-at-its-newest-300mm-semiconductor-manufacturing-facility-in-sherman-texas.html,"RESOLVED — actual_first_output resolved agentically (web search -> primary announcement source, confidence high); announced resolved agentically (web search -> primary announcement source, confidence high); promised_date_source resolved agentically (the announcement source that establishes `announced`, confidence high); status_source resolved agentically (dated, independent article on the project's current state (replaces the aggregator fallback), confidence high)",https://gov.texas.gov/news/post/governor-abbott-announces-texas-instruments-potential-30-billion-investment-in-sherman,2021-11-15,2025-07-01,2025-12-15,"Gov. Abbott announced TI's Sherman TX campus, November 17, 2021",2025,"TI announced the start of production at SM1, its first Sherman fab, on December 17, 2025"
52,2026-08-30T14:49:38Z,55,Toyota Battery Manufacturing NC,Battery,NC,2021-12,13900000000,5100,2025,2025-06,Active – Production underway — Apr 2026 Update: Battery production began 2025. Toyota also announced additional $1B investment in Kentucky operations and $912M in Texas for hybrid production in 2025.,3.5,0.0,P,"Eight new EV-battery lines at Liberty NC campus for Toyota and Lexus EVs Operator: Toyota. Site region (per source): Southeast. Site industry slug: 'battery'. Retrieved from the Engineered-Vision Manufacturing Megaprojects Tracker (https://map.engineered-vision.com/), vintage Apr 2026 Update.",https://www.assemblymag.com/articles/99061-toyotas-north-carolina-ev-battery-factory-ready-to-begin-production,https://www.cnbc.com/2025/11/12/toyota-battery-plant-north-carolina.html,"RESOLVED — actual_first_output resolved agentically (web search -> primary announcement source, confidence medium); announced resolved agentically (web search -> primary announcement source, confidence high); promised_date_source resolved agentically (the announcement source that establishes `announced`, confidence high); status_source resolved agentically (dated, independent article on the project's current state (replaces the aggregator fallback), confidence high)",https://pressroom.toyota.com/toyota-selects-north-carolina-greensboro-randolph-site-for-new-u-s-automotive-battery-plant/,2021-12-15,2025-07-01,2025-06-15,"Toyota selected the Greensboro-Randolph NC megasite, December 6, 2021",2025-2030,"Toyota Battery Manufacturing NC began shipping batteries in June 2025 (full production start announced Nov 12, 2025)"
53,2026-08-30T14:49:38Z,56,U.S. Steel Big River 2 Mill,Steel,AR,2022-01,3000000000,4725,2025,pending,Active — Apr 2026 Update: Nippon Steel acquisition of U.S. Steel approved by President Trump in June 2025. Nippon committed $14B total investment including $4B for a new direct-reduced iron (DRI) mill at the Big River campus announced Nov 2025.,-1.0,-1.0,P,"New state-of-the-art steel sheet mill at Big River Steel Works in Osceola AR Operator: United States Steel Corp.. Site region (per source): Southeast. Site industry slug: 'metals'. Retrieved from the Engineered-Vision Manufacturing Megaprojects Tracker (https://map.engineered-vision.com/), vintage Apr 2026 Update.",https://investors.ussteel.com/news-events/news-releases/detail/629/u-s-steel-closes-on-240-million-financing-to-support-big-river-mill-expansion,https://www.ussteel.com/w/the-next-generation-of-american-steelmaking-is-big-and-well-underway,"RESOLVED — announced resolved agentically (web search -> primary announcement source, confidence high); promised_date_source resolved agentically (the announcement source that establishes `announced`, confidence high); status_source resolved agentically (dated, independent article on the project's current state (replaces the aggregator fallback), confidence high)",https://www.arkansasedc.com/news-events/newsroom/detail/2022/01/11/u.-s.-steel-selects-osceola-arkansas-as-location-for-most-advanced-steelmaking-facility-in-north-america,2022-01-15,2025-07-01,,"CORRECTION. The deterministic pass read '…a new direct-reduced iron (DRI) mill at the Big River campus announced Nov 2025' and anchored the row to 2025-11 — that is the DRI mill, which is a SEPARATE row in this dataset. U.S. Steel selected Osceola AR for the $3B BR2 mini mill on January 11, 2022",2025-2026,Active
54,2026-08-30T14:49:38Z,57,UCB Biologics Manufacturing (Georgia),Pharmaceuticals,GA,2026-03,2000000000,330,pending,pending,Active – New addition; announced Mar 2026 — Apr 2026 Update: Announced March 24 2026. Belgian drugmaker UCB's first U.S. manufacturing site. Will produce biologic drugs. Located in Rowen knowledge community near Atlanta. Creates 330 jobs.,-1.0,-1.0,P,"First U.S. manufacturing facility for biologics in Gwinnett County GA (Rowen community) Operator: UCB. Site region (per source): Southeast. Site industry slug: 'pharmaceutical'. Retrieved from the Engineered-Vision Manufacturing Megaprojects Tracker (https://map.engineered-vision.com/), vintage Apr 2026 Update.",https://gov.georgia.gov/press-releases/2026-03-24/gov-kemp-ucb-invest-2-billion-georgia-establish-first-us-manufacturing,https://www.biospace.com/business/ucb-investing-2b-to-build-manufacturing-facility-in-georgia,"RESOLVED — promised_date_source resolved agentically (web search -> primary announcement source; Gov. Kemp announced UCB's $2B Georgia facility on March 24, 2026, confidence high); status_source resolved agentically (dated, independent article on the project's current state (replaces the aggregator fallback), confidence high)",https://gov.georgia.gov/press-releases/2026-03-24/gov-kemp-ucb-invest-2-billion-georgia-establish-first-us-manufacturing,2026-03-15,,,announced Mar 2026,TBD,Active – New addition; announced Mar 2026
55,2026-08-30T14:49:38Z,58,VinFast EV Assembly Plant,Auto Assembly,NC,2022-03,4000000000,1400,2028,pending,"Delayed – Restarting 2026; production pushed to 2028 — Apr 2026 Update: Construction paused for a year; VinFast announced restart in March 2026. Production delayed from 2025 to 2028. Job estimate slashed from 7,500 to ~1,400. VinFast posted $3.9B net loss in 2025.",-1.0,-1.0,P,"Manufacturing campus for electric SUVs and buses in Chatham County NC Operator: VinFast. Site region (per source): Southeast. Site industry slug: 'automotive'. Retrieved from the Engineered-Vision Manufacturing Megaprojects Tracker (https://map.engineered-vision.com/), vintage Apr 2026 Update.",https://www.autonews.com/vinfast/an-vinfast-north-carolina-factory-restart-0317/,https://www.wral.com/business/vinfast-chatham-county-resume-construction-march-2026-production-2028/,"RESOLVED — announced resolved agentically (web search -> primary announcement source, confidence high); promised_date_source resolved agentically (the announcement source that establishes `announced`, confidence high); status_source resolved agentically (dated, independent article on the project's current state (replaces the aggregator fallback), confidence high)",https://governor.nc.gov/news/press-releases/2022/03/29/governor-cooper-announces-vinfast-automotive-selects-north-carolina-electric-vehicle-assembly-plant,2022-03-15,2028-07-01,,"Gov. Cooper announced VinFast's Chatham County NC plant, March 29, 2022",2028,Delayed – Restarting 2026; production pushed to 2028
56,2026-08-30T14:49:38Z,59,Wolfspeed Project Voyager,Semiconductors,NC,2022-09,5000000000,1800,2024,pending,Active – Emerged from bankruptcy Sep 2025 — Apr 2026 Update: Wolfspeed filed for Chapter 11 bankruptcy and emerged in September 2025 as a financially restructured company. Siler City fab operational. Received nearly $700M tax refund Dec 2025. Refinanced debt Mar 2026.,-1.0,-1.0,P,"World's largest silicon carbide semiconductor materials plant in Siler City NC Operator: Wolfspeed Inc.. Site region (per source): Southeast. Site industry slug: 'semiconductor'. Retrieved from the Engineered-Vision Manufacturing Megaprojects Tracker (https://map.engineered-vision.com/), vintage Apr 2026 Update.",https://www.wolfspeed.com/company/news-events/news/wolfspeed-successfully-completes-financial-restructuring-emerges-as-financially-stronger-company-well-positioned-in-silicon-carbide-market/,https://www.semiconductor-today.com/news_items/2025/nov/wolfspeed-031125.shtml,"RESOLVED — announced resolved agentically (web search -> primary announcement source, confidence high); promised_date_source resolved agentically (the announcement source that establishes `announced`, confidence high); status_source resolved agentically (dated, independent article on the project's current state (replaces the aggregator fallback), confidence high) || OPEN — actual_first_output: the site claims production has begun but gives NO date for it; left as 'pending' rather than dated from the promise",https://www.commerce.nc.gov/news/press-releases/2022/09/09/governor-cooper-announces-wolfspeed-selects-north-carolina-445-acre-manufacturing-campus,2022-09-15,2024-07-01,,"Gov. Cooper announced Wolfspeed's Chatham County NC campus, September 9, 2022",2024-2030,Active – Emerged from bankruptcy Sep 2025 Wolfspeed filed for Chapter 11 bankruptcy and emerged in September 2025 as a financially restructured company. Siler City fab operational. Received nearly $700M tax refund Dec 2025. Refinanced debt Mar 2026.
